1,-74.885,58.179,10.744,0.63578,-3.0011,0.2541,0.13942,-0.98,0.086816,-2.1855,-0.87816,-0.24898
1,58.179,10.744,-91.459,-3.0011,0.2541,-0.46569,-0.98,0.086816,5.7568,-0.87816,-0.24898,0.19432
1,10.744,-91.459,21.981,0.2541,-0.46569,-1.25,0.086816,5.7568,10.294,-0.24898,0.19432,-2.0838
1,-91.459,21.981,-130.69,-0.46569,-1.25,15.553,5.7568,10.294,9.9393,0.19432,-2.0838,2.1651
1,21.981,-130.69,4.2655,-1.25,15.553,16.29,10.294,9.9393,11.444,-2.0838,2.1651,-0.7555
1,-130.69,4.2655,4.0408,15.553,16.29,15.354,9.9393,11.444,-13.375,2.1651,-0.7555,0.076211
1,4.2655,4.0408,-18.796,16.29,15.354,16.708,11.444,-13.375,-16.626,-0.7555,0.076211,1.1223
1,4.0408,-18.796,-45.866,15.354,16.708,16.272,-13.375,-16.626,-15.34,0.076211,1.1223,7.1581
1,14.454,58.61,36.984,0.030283,-1.6002,0.72901,0.058731,-0.30116,7.9329,-0.090587,-0.25049,0.53261
1,58.61,36.984,-2.1402,-1.6002,0.72901,1.2947,-0.30116,7.9329,10.652,-0.25049,0.53261,-0.97308
1,36.984,-2.1402,12.689,0.72901,1.2947,17.003,7.9329,10.652,10.933,0.53261,-0.97308,0.45281
1,-2.1402,12.689,47.236,1.2947,17.003,17.654,10.652,10.933,7.5396,-0.97308,0.45281,0.10567
1,12.689,47.236,-38.465,17.003,17.654,14.721,10.933,7.5396,-26.708,0.45281,0.10567,-0.75201
1,47.236,-38.465,-106.23,17.654,14.721,16.186,7.5396,-26.708,16.186,0.10567,-0.75201,3.1706
1,-38.465,-106.23,-41.855,14.721,16.186,15.316,-26.708,16.186,15.316,-0.75201,3.1706,7.4821
1,-106.23,-41.855,74.639,16.186,15.316,4.8797,16.186,15.316,4.8797,3.1706,7.4821,8.1244
1,-7.9803,145.36,-36.875,-14.105,-8.0376,-0.86151,0.54814,-0.85961,-0.86871,8.478,4.1513,-8.8417
1,145.36,-36.875,-170.8,-8.0376,-0.86151,-0.90814,-0.85961,-0.86871,-0.16779,4.1513,-8.8417,-7.9048
1,-36.875,-170.8,126.59,-0.86151,-0.90814,2.6536,-0.86871,-0.16779,0.58136,-8.8417,-7.9048,-6.787
1,-170.8,126.59,-69.54,-0.90814,2.6536,-1.3601,-0.16779,0.58136,-0.64886,-7.9048,-6.787,-1.907
1,126.59,-69.54,24.398,2.6536,-1.3601,-0.92435,0.58136,-0.64886,-0.98603,-6.787,-1.907,0.015222
1,-69.54,24.398,-132.06,-1.3601,-0.92435,0.020968,-0.64886,-0.98603,-0.078651,-1.907,0.015222,-0.35311
1,24.398,-132.06,22.673,-0.92435,0.020968,-0.075526,-0.98603,-0.078651,6.2172,0.015222,-0.35311,-0.64278
1,-132.06,22.673,-35.626,0.020968,-0.075526,1.4065,-0.078651,6.2172,11.129,-0.35311,-0.64278,0.07484
1,-11.274,-33.063,103.52,-15.192,-16.981,-17.435,-11.416,-3.596,0.50211,-22.837,-16.981,-17.435
1,-33.063,103.52,-133.5,-16.981,-17.435,-3.0325,-3.596,0.50211,1.3711,-16.981,-17.435,-3.0325
1,103.52,-133.5,56.642,-17.435,-3.0325,1.8029,0.50211,1.3711,0.26418,-17.435,-3.0325,1.8029
1,-133.5,56.642,-30.409,-3.0325,1.8029,-1.128,1.3711,0.26418,-2.7616,-3.0325,1.8029,-1.128
1,56.642,-30.409,-31.844,1.8029,-1.128,0.2741,0.26418,-2.7616,-0.58858,1.8029,-1.128,0.2741
1,-30.409,-31.844,1.91,-1.128,0.2741,-0.56007,-2.7616,-0.58858,-0.041997,-1.128,0.2741,-0.56007
1,-31.844,1.91,-43.21,0.2741,-0.56007,0.52023,-0.58858,-0.041997,0.14676,0.2741,-0.56007,0.52023
1,1.91,-43.21,-33.37,-0.56007,0.52023,0.61279,-0.041997,0.14676,0.77715,-0.56007,0.52023,0.61279
1,-106.18,-14.705,-37.721,0.73866,-0.16341,0.23708,0.12214,-0.0449,-0.8822,-5.511,-0.17315,0.11748
1,-14.705,-37.721,76.145,-0.16341,0.23708,-1.063,-0.0449,-0.8822,-0.20043,-0.17315,0.11748,-0.0025001
1,-37.721,76.145,-78.659,0.23708,-1.063,0.37079,-0.8822,-0.20043,1.584,0.11748,-0.0025001,-0.53174
1,76.145,-78.659,-27.315,-1.063,0.37079,0.1243,-0.20043,1.584,0.56441,-0.0025001,-0.53174,0.61761
1,-78.659,-27.315,-2.8931,0.37079,0.1243,1.0854,1.584,0.56441,8.3973,-0.53174,0.61761,0.3187
1,-27.315,-2.8931,19.597,0.1243,1.0854,6.5765,0.56441,8.3973,11.026,0.61761,0.3187,-0.33384
1,-2.8931,19.597,-45.415,1.0854,6.5765,16.914,8.3973,11.026,11.068,0.3187,-0.33384,0.33358
1,19.597,-45.415,-18.794,6.5765,16.914,16.105,11.026,11.068,0.19918,-0.33384,0.33358,3.0241
1,14.621,58.698,37.066,-0.31406,-1.5612,0.54148,-0.03486,-0.44223,8.0181,-0.43987,0.12655,0.25813
1,58.698,37.066,-2.3722,-1.5612,0.54148,1.361,-0.44223,8.0181,10.508,0.12655,0.25813,-1.1219
1,37.066,-2.3722,12.685,0.54148,1.361,16.847,8.0181,10.508,11.294,0.25813,-1.1219,0.18988
1,-2.3722,12.685,47.678,1.361,16.847,17.965,10.508,11.294,7.6032,-1.1219,0.18988,0.14635
1,12.685,47.678,-39.003,16.847,17.965,14.577,11.294,7.6032,-27.108,0.18988,0.14635,0.27309
1,47.678,-39.003,-106.23,17.965,14.577,16.129,7.6032,-27.108,16.129,0.14635,0.27309,2.2583
1,-39.003,-106.23,-41.696,14.577,16.129,15.64,-27.108,16.129,15.64,0.27309,2.2583,7.7208
1,-106.23,-41.696,74.679,16.129,15.64,4.9709,16.129,15.64,4.9709,2.2583,7.7208,8.1978
1,-74.711,58.414,10.481,0.4563,-2.7244,0.061775,0.55646,-1.2332,0.018508,-1.9526,-0.85199,-0.27906
1,58.414,10.481,-91.348,-2.7244,0.061775,-0.36333,-1.2332,0.018508,5.6085,-0.85199,-0.27906,-0.041513
1,10.481,-91.348,21.577,0.061775,-0.36333,-0.60584,0.018508,5.6085,10.465,-0.27906,-0.041513,-2.0371
1,-91.348,21.577,-130.61,-0.36333,-0.60584,15.104,5.6085,10.465,10.467,-0.041513,-2.0371,2.3907
1,21.577,-130.61,4.5536,-0.60584,15.104,16.434,10.465,10.467,10.699,-2.0371,2.3907,-1.1031
1,-130.61,4.5536,3.7573,15.104,16.434,15.078,10.467,10.699,-13.04,2.3907,-1.1031,0.22386
1,4.5536,3.7573,-18.733,16.434,15.078,16.628,10.699,-13.04,-16.44,-1.1031,0.22386,1.056
1,3.7573,-18.733,-45.976,15.078,16.628,16.568,-13.04,-16.44,-15.675,0.22386,1.056,7.5926
1,-7.7159,145.04,-36.835,-14.085,-7.8483,-1.1031,0.28291,-0.68895,-0.83522,8.2182,4.1057,-8.3883
1,145.04,-36.835,-170.64,-7.8483,-1.1031,-0.52312,-0.68895,-0.83522,-0.030142,4.1057,-8.3883,-8.4457
1,-36.835,-170.64,126.55,-1.1031,-0.52312,2.2344,-0.83522,-0.030142,0.69768,-8.3883,-8.4457,-6.4303
1,-170.64,126.55,-69.744,-0.52312,2.2344,-1.0909,-0.030142,0.69768,-1.0937,-8.4457,-6.4303,-2.0599
1,126.55,-69.744,24.696,2.2344,-1.0909,-1.3324,0.69768,-1.0937,-0.83217,-6.4303,-2.0599,0.43368
1,-69.744,24.696,-132.15,-1.0909,-1.3324,0.21414,-1.0937,-0.83217,-0.026876,-2.0599,0.43368,-0.44795
1,24.696,-132.15,22.648,-1.3324,0.21414,0.164,-0.83217,-0.026876,6.1266,0.43368,-0.44795,-0.9548
1,-132.15,22.648,-35.597,0.21414,0.164,1.5445,-0.026876,6.1266,11.179,-0.44795,-0.9548,0.72163
1,-11.592,-32.655,103.61,-15.512,-16.471,-17.712,-11.152,-3.7989,0.6357,-23.137,-16.471,-17.712
1,-32.655,103.61,-133.41,-16.471,-17.712,-3.026,-3.7989,0.6357,0.92669,-16.471,-17.712,-3.026
1,103.61,-133.41,56.46,-17.712,-3.026,1.855,0.6357,0.92669,0.27529,-17.712,-3.026,1.855
1,-133.41,56.46,-30.9,-3.026,1.855,-1.1467,0.92669,0.27529,-2.5421,-3.026,1.855,-1.1467
1,56.46,-30.9,-31.899,1.855,-1.1467,0.12438,0.27529,-2.5421,-0.95262,1.855,-1.1467,0.12438
1,-30.9,-31.899,2.3488,-1.1467,0.12438,-0.44152,-2.5421,-0.95262,0.13341,-1.1467,0.12438,-0.44152
1,-31.899,2.3488,-43.547,0.12438,-0.44152,0.97014,-0.95262,0.13341,0.70713,0.12438,-0.44152,0.97014
1,2.3488,-43.547,-33.405,-0.44152,0.97014,0.025585,0.13341,0.70713,0.40382,-0.44152,0.97014,0.025585
1,-105.42,-15.058,-37.95,0.45408,-0.11962,0.432,-0.64653,0.65324,-1.0771,-5.566,-0.15958,0.071755
1,-15.058,-37.95,76.317,-0.11962,0.432,-1.355,0.65324,-1.0771,-0.050142,-0.15958,0.071755,-0.019436
1,-37.95,76.317,-78.592,0.432,-1.355,0.80625,-1.0771,-0.050142,1.5538,0.071755,-0.019436,-0.49922
1,76.317,-78.592,-27.4,-1.355,0.80625,-0.33781,-0.050142,1.5538,0.58255,-0.019436,-0.49922,0.44535
1,-78.592,-27.4,-3.1861,0.80625,-0.33781,1.3352,1.5538,0.58255,8.0344,-0.49922,0.44535,0.29075
1,-27.4,-3.1861,20.005,-0.33781,1.3352,6.477,0.58255,8.0344,11.339,0.44535,0.29075,-0.10442
1,-3.1861,20.005,-45.366,1.3352,6.477,16.914,8.0344,11.339,10.934,0.29075,-0.10442,0.23662
1,20.005,-45.366,-19.067,6.477,16.914,15.932,11.339,10.934,0.1177,-0.10442,0.23662,3.241
2,169.63,-64.422,47.473,13.014,14.638,16.824,14.638,16.824,15.336,10.956,5.9298,-10.345
2,-64.422,47.473,-75.622,14.638,16.824,15.336,16.824,15.336,16.544,5.9298,-10.345,-11.98
2,47.473,-75.622,-178.43,16.824,15.336,16.544,15.336,16.544,7.3869,-10.345,-11.98,-5.127
2,-75.622,-178.43,-120.22,15.336,16.544,7.3869,16.544,7.3869,-7.2253,-11.98,-5.127,-3.2636
2,-178.43,-120.22,74.397,16.544,7.3869,-7.2253,7.3869,-7.2253,-9.1448,-5.127,-3.2636,-3.804
2,-120.22,74.397,43.331,7.3869,-7.2253,-9.1448,-7.2253,-9.1448,-5.5395,-3.2636,-3.804,-0.92401
2,74.397,43.331,25.718,-7.2253,-9.1448,-5.5395,-9.1448,-5.5395,1.9246,-3.804,-0.92401,2.8398
2,43.331,25.718,17.207,-9.1448,-5.5395,1.9246,-5.5395,1.9246,0.10716,-0.92401,2.8398,0.074356
2,-84.846,93.801,-210.8,-0.56281,11.718,14.946,11.004,10.637,12.888,-0.27392,0.95425,-1.1344
2,93.801,-210.8,186.92,11.718,14.946,19.755,10.637,12.888,-6.8931,0.95425,-1.1344,2.8548
2,-210.8,186.92,-132.98,14.946,19.755,14.093,12.888,-6.8931,-16.587,-1.1344,2.8548,-0.83705
2,186.92,-132.98,12.199,19.755,14.093,16.027,-6.8931,-16.587,-15.545,2.8548,-0.83705,6.2295
2,-132.98,12.199,-52.625,14.093,16.027,10.504,-16.587,-15.545,-16.753,-0.83705,6.2295,9.3637
2,12.199,-52.625,-65.951,16.027,10.504,-7.8468,-15.545,-16.753,-17.131,6.2295,9.3637,7.9293
2,-52.625,-65.951,294.56,10.504,-7.8468,-6.7906,-16.753,-17.131,0.42436,9.3637,7.9293,-2.8267
2,-65.951,294.56,-269.9,-7.8468,-6.7906,-5.3862,-17.131,0.42436,2.3702,7.9293,-2.8267,-8.4322
2,15.96,-261.6,55.893,16.742,14.579,16.189,-0.27615,2.9319,11.493,-0.36587,-0.27615,2.9319
2,-261.6,55.893,3.8737,14.579,16.189,17.904,2.9319,11.493,7.2851,-0.27615,2.9319,11.493
2,55.893,3.8737,-115.74,16.189,17.904,-4.0328,11.493,7.2851,7.5161,2.9319,11.493,7.2851
2,3.8737,-115.74,99.424,17.904,-4.0328,-6.8883,7.2851,7.5161,8.1271,11.493,7.2851,3.8532
2,-115.74,99.424,-51.236,-4.0328,-6.8883,-8.0297,7.5161,8.1271,8.3565,7.2851,3.8532,-8.4192
2,99.424,-51.236,63.449,-6.8883,-8.0297,-0.65699,8.1271,8.3565,1.2768,3.8532,-8.4192,-7.7099
2,-51.236,63.449,146.73,-8.0297,-0.65699,-1.9641,8.3565,1.2768,-0.20206,-8.4192,-7.7099,-8.5189
2,63.449,146.73,-193.42,-0.65699,-1.9641,1.2358,1.2768,-0.20206,-2.0307,-7.7099,-8.5189,-0.30571
2,-97.317,-149.19,-109.02,0.79768,-0.14035,10.666,3.9796,10.417,11.25,0.66824,-0.44618,-0.8455
2,-149.19,-109.02,188.44,-0.14035,10.666,17.22,10.417,11.25,8.7643,-0.44618,-0.8455,3.1866
2,-109.02,188.44,51.859,10.666,17.22,15.575,11.25,8.7643,-1.4914,-0.8455,3.1866,-1.602
2,188.44,51.859,-250.12,17.22,15.575,13.869,8.7643,-1.4914,-16.318,3.1866,-1.602,-0.98718
2,51.859,-250.12,109.38,15.575,13.869,16.34,-1.4914,-16.318,-17.901,-1.602,-0.98718,7.398
2,-250.12,109.38,-30.567,13.869,16.34,15.629,-16.318,-17.901,-17.09,-0.98718,7.398,7.4909
2,109.38,-30.567,161.42,16.34,15.629,-4.5793,-17.901,-17.09,-11.301,7.398,7.4909,9.1397
2,-30.567,161.42,-45.723,15.629,-4.5793,-7.7545,-17.09,-11.301,-8.4462,7.4909,9.1397,2.0697
2,39.565,-30.627,73.799,16.343,15.777,16.379,1.2337,8.0627,8.9815,-0.32507,1.2337,8.0627
2,-30.627,73.799,-8.3781,15.777,16.379,5.5752,8.0627,8.9815,8.5831,1.2337,8.0627,8.9815
2,73.799,-8.3781,-133.57,16.379,5.5752,-6.0384,8.9815,8.5831,7.6812,8.0627,8.9815,8.5831
2,-8.3781,-133.57,-147.44,5.5752,-6.0384,-7.3815,8.5831,7.6812,8.3087,8.9815,8.5831,-6.2652
2,-133.57,-147.44,-12.043,-6.0384,-7.3815,-6.7034,7.6812,8.3087,6.7779,8.5831,-6.2652,-9.3971
2,-147.44,-12.043,138.3,-7.3815,-6.7034,0.15478,8.3087,6.7779,-4.0244,-6.2652,-9.3971,-7.1443
2,-12.043,138.3,-23.91,-6.7034,0.15478,-0.16428,6.7779,-4.0244,-1.8569,-9.3971,-7.1443,-3.6677
2,138.3,-23.91,132.57,0.15478,-0.16428,0.25025,-4.0244,-1.8569,-1.3151,-7.1443,-3.6677,-0.40521
2,-84.831,93.69,-210.93,-0.51898,11.455,15.03,11.05,10.882,12.963,-0.14196,1.1432,-0.94853
2,93.69,-210.93,187.13,11.455,15.03,19.754,10.882,12.963,-7.0405,1.1432,-0.94853,2.9736
2,-210.93,187.13,-133.1,15.03,19.754,13.983,12.963,-7.0405,-16.72,-0.94853,2.9736,-1.2384
2,187.13,-133.1,12.55,19.754,13.983,16.337,-7.0405,-16.72,-15.613,2.9736,-1.2384,6.3745
2,-133.1,12.55,-52.977,13.983,16.337,10.434,-16.72,-15.613,-16.784,-1.2384,6.3745,9.2954
2,12.55,-52.977,-65.839,16.337,10.434,-8.4112,-15.613,-16.784,-16.978,6.3745,9.2954,7.7664
2,-52.977,-65.839,294.9,10.434,-8.4112,-6.439,-16.784,-16.978,0.7302,9.2954,7.7664,-2.6906
2,-65.839,294.9,-270.45,-8.4112,-6.439,-5.2567,-16.978,0.7302,2.2944,7.7664,-2.6906,-8.3935
2,169.42,-63.789,47.432,13.343,14.555,17.352,14.555,17.352,15.057,10.802,5.827,-10.444
2,-63.789,47.432,-75.826,14.555,17.352,15.057,17.352,15.057,16.313,5.827,-10.444,-11.587
2,47.432,-75.826,-178.31,17.352,15.057,16.313,15.057,16.313,7.5725,-10.444,-11.587,-5.0602
2,-75.826,-178.31,-120.3,15.057,16.313,7.5725,16.313,7.5725,-7.3241,-11.587,-5.0602,-3.3965
2,-178.31,-120.3,74.47,16.313,7.5725,-7.3241,7.5725,-7.3241,-9.1346,-5.0602,-3.3965,-3.6163
2,-120.3,74.47,43.307,7.5725,-7.3241,-9.1346,-7.3241,-9.1346,-5.341,-3.3965,-3.6163,-1.1425
2,74.47,43.307,25.441,-7.3241,-9.1346,-5.341,-9.1346,-5.341,1.6993,-3.6163,-1.1425,2.6479
2,43.307,25.441,17.417,-9.1346,-5.341,1.6993,-5.341,1.6993,0.17771,-1.1425,2.6479,0.61868
2,16.471,-261.73,56.02,16.68,14.462,16.131,-0.19549,2.7285,11.642,-0.1285,-0.19549,2.7285
2,-261.73,56.02,3.5165,14.462,16.131,17.884,2.7285,11.642,7.1828,-0.19549,2.7285,11.642
2,56.02,3.5165,-115.54,16.131,17.884,-4.0132,11.642,7.1828,7.4027,2.7285,11.642,7.1828
2,3.5165,-115.54,99.411,17.884,-4.0132,-6.5446,7.1828,7.4027,8.2709,11.642,7.1828,3.614
2,-115.54,99.411,-51.038,-4.0132,-6.5446,-8.3913,7.4027,8.2709,8.4105,7.1828,3.614,-7.8376
2,99.411,-51.038,62.931,-6.5446,-8.3913,-0.45892,8.2709,8.4105,1.0605,3.614,-7.8376,-8.126
2,-51.038,62.931,146.96,-8.3913,-0.45892,-1.8897,8.4105,1.0605,-0.11412,-7.8376,-8.126,-8.3187
2,62.931,146.96,-193.47,-0.45892,-1.8897,1.0928,1.0605,-0.11412,-1.6162,-8.126,-8.3187,-0.67207
2,-97.294,-148.97,-108.69,0.87131,-0.077139,10.541,4.0582,10.221,11.416,0.68324,-0.6432,-0.94147
2,-148.97,-108.69,188.46,-0.077139,10.541,17.492,10.221,11.416,8.7755,-0.6432,-0.94147,3.402
2,-108.69,188.46,51.36,10.541,17.492,15.642,11.416,8.7755,-1.4074,-0.94147,3.402,-1.6845
2,188.46,51.36,-249.85,17.492,15.642,13.554,8.7755,-1.4074,-16.399,3.402,-1.6845,-0.95393
2,51.36,-249.85,109.46,15.642,13.554,16.366,-1.4074,-16.399,-17.94,-1.6845,-0.95393,7.2748
2,-249.85,109.46,-30.523,13.554,16.366,15.886,-16.399,-17.94,-17.054,-0.95393,7.2748,7.8286
2,109.46,-30.523,161.25,16.366,15.886,-4.8476,-17.94,-17.054,-11.556,7.2748,7.8286,9.2495
2,-30.523,161.25,-46.059,15.886,-4.8476,-7.5471,-17.054,-11.556,-8.151,7.8286,9.2495,1.5753
2,39.438,-30.553,73.64,16.076,15.933,16.425,1.3186,7.273,9.6781,-0.08857,1.3186,7.273
2,-30.553,73.64,-8.4641,15.933,16.425,5.7353,7.273,9.6781,8.1235,1.3186,7.273,9.6781
2,73.64,-8.4641,-133.59,16.425,5.7353,-6.213,9.6781,8.1235,8.1116,7.273,9.6781,8.1235
2,-8.4641,-133.59,-147.1,5.7353,-6.213,-7.3933,8.1235,8.1116,8.1847,9.6781,8.1235,-5.9562
2,-133.59,-147.1,-12.085,-6.213,-7.3933,-6.888,8.1116,8.1847,6.7848,8.1235,-5.9562,-8.9532
2,-147.1,-12.085,138.15,-7.3933,-6.888,0.48608,8.1847,6.7848,-4.0404,-5.9562,-8.9532,-7.7947
2,-12.085,138.15,-23.804,-6.888,0.48608,-0.38182,6.7848,-4.0404,-1.8323,-8.9532,-7.7947,-3.4118
2,138.15,-23.804,132.21,0.48608,-0.38182,0.1402,-4.0404,-1.8323,-1.6379,-7.7947,-3.4118,-0.30517
3,82.308,-97.639,-28.495,0.065566,-1.4349,1.766,-0.65697,-0.90752,1.0712,-5.9482,-0.75939,1.7043
3,-97.639,-28.495,88.23,-1.4349,1.766,-0.85036,-0.90752,1.0712,-0.59689,-0.75939,1.7043,-0.88883
3,-28.495,88.23,28.913,1.766,-0.85036,-0.6357,1.0712,-0.59689,-0.35795,1.7043,-0.88883,-0.49846
3,88.23,28.913,-189,-0.85036,-0.6357,1.5861,-0.59689,-0.35795,1.5637,-0.88883,-0.49846,0.69435
3,28.913,-189,47.916,-0.6357,1.5861,-0.80887,-0.35795,1.5637,10.57,-0.49846,0.69435,-0.093893
3,-189,47.916,49.868,1.5861,-0.80887,9.5028,1.5637,10.57,10.695,0.69435,-0.093893,0.055727
3,47.916,49.868,-29.151,-0.80887,9.5028,17.254,10.57,10.695,10.549,-0.093893,0.055727,0.92133
3,49.868,-29.151,-65.656,9.5028,17.254,15.746,10.695,10.549,-5.344,0.055727,0.92133,3.7622
3,20.44,23.612,-74.698,0.090264,-0.89359,2.1666,0.77643,-0.037521,-0.80354,-0.037521,-0.80354,0.1901
3,23.612,-74.698,14.259,-0.89359,2.1666,-1.6009,-0.037521,-0.80354,0.1901,-0.80354,0.1901,0.23811
3,-74.698,14.259,-0.43955,2.1666,-1.6009,-0.41664,-0.80354,0.1901,0.23811,0.1901,0.23811,-0.85871
3,14.259,-0.43955,56.041,-1.6009,-0.41664,0.73965,0.1901,0.23811,-0.85871,0.23811,-0.85871,2.3961
3,-0.43955,56.041,-84.402,-0.41664,0.73965,-1.0419,0.23811,-0.85871,2.3961,-0.85871,2.3961,8.4294
3,56.041,-84.402,-2.4075,0.73965,-1.0419,7.6525,-0.85871,2.3961,8.4294,2.3961,8.4294,10.56
3,-84.402,-2.4075,98.015,-1.0419,7.6525,17.398,2.3961,8.4294,10.56,8.4294,10.56,10.401
3,-2.4075,98.015,41.899,7.6525,17.398,14.172,8.4294,10.56,10.401,10.56,10.401,-3.7329
3,-10.382,84.87,-158.66,-15.207,-4.5716,0.014839,-14.522,-15.207,-4.5716,-3.8465,-0.23531,-0.21769
3,84.87,-158.66,-40.545,-4.5716,0.014839,-0.3263,-15.207,-4.5716,0.014839,-0.23531,-0.21769,-0.095526
3,-158.66,-40.545,69.813,0.014839,-0.3263,0.70128,-4.5716,0.014839,-0.3263,-0.21769,-0.095526,0.8009
3,-40.545,69.813,-23.698,-0.3263,0.70128,0.040727,0.014839,-0.3263,0.70128,-0.095526,0.8009,-1.1296
3,69.813,-23.698,-37.304,0.70128,0.040727,0.10704,-0.3263,0.70128,0.040727,0.8009,-1.1296,0.22138
3,-23.698,-37.304,-38.638,0.040727,0.10704,-0.27228,0.70128,0.040727,0.10704,-1.1296,0.22138,0.10744
3,-37.304,-38.638,159.53,0.10704,-0.27228,-0.051392,0.040727,0.10704,-0.27228,0.22138,0.10744,-0.20008
3,-38.638,159.53,-1.1677,-0.27228,-0.051392,5.5654,0.10704,-0.27228,-0.051392,0.10744,-0.20008,8.6805
3,-65.112,166.89,-96.711,15.769,15.593,14.906,0.33241,-0.66183,1.7284,0.36666,5.8936,7.1292
3,166.89,-96.711,-42.133,15.593,14.906,14.963,-0.66183,1.7284,6.7352,5.8936,7.1292,7.2996
3,-96.711,-42.133,-28.981,14.906,14.963,10.66,1.7284,6.7352,7.9297,7.1292,7.2996,0.84131
3,-42.133,-28.981,170.89,14.963,10.66,-6.9994,6.7352,7.9297,7.5302,7.2996,0.84131,-6.9994
3,-28.981,170.89,-98.052,10.66,-6.9994,-7.2599,7.9297,7.5302,8.0034,0.84131,-6.9994,-7.2599
3,170.89,-98.052,-40.719,-6.9994,-7.2599,-6.0988,7.5302,8.0034,7.932,-6.9994,-7.2599,-6.0988
3,-98.052,-40.719,36.478,-7.2599,-6.0988,-1.1999,8.0034,7.932,7.8443,-7.2599,-6.0988,-1.1999
3,-40.719,36.478,76.621,-6.0988,-1.1999,-0.27849,7.932,7.8443,5.1046,-6.0988,-1.1999,-0.27849
3,58.326,-108.04,8.6452,-4.8302,0.61183,-0.060888,-0.55469,0.84304,-0.57483,-8.2976,-5.4068,-1.9668
3,-108.04,8.6452,83.203,0.61183,-0.060888,-0.19178,0.84304,-0.57483,0.66493,-5.4068,-1.9668,-0.037541
3,8.6452,83.203,-2.2523,-0.060888,-0.19178,0.5317,-0.57483,0.66493,-0.64945,-1.9668,-0.037541,0.31607
3,83.203,-2.2523,-95.981,-0.19178,0.5317,-1.5071,0.66493,-0.64945,-0.07113,-0.037541,0.31607,-0.55324
3,-2.2523,-95.981,64.238,0.5317,-1.5071,1.1801,-0.64945,-0.07113,0.25097,0.31607,-0.55324,0.28924
3,-95.981,64.238,20.054,-1.5071,1.1801,0.18244,-0.07113,0.25097,6.2206,-0.55324,0.28924,0.39356
3,64.238,20.054,-55.374,1.1801,0.18244,-0.44336,0.25097,6.2206,10.077,0.28924,0.39356,-1.6069
3,20.054,-55.374,-35.201,0.18244,-0.44336,16.549,6.2206,10.077,10.14,0.39356,-1.6069,1.3972
3,20.123,23.571,-74.779,0.244,-0.4466,1.6121,0.74624,-0.0046574,-0.81806,-0.0046574,-0.81806,-0.066695
3,23.571,-74.779,14.526,-0.4466,1.6121,-1.8597,-0.0046574,-0.81806,-0.066695,-0.81806,-0.066695,0.40142
3,-74.779,14.526,-0.72344,1.6121,-1.8597,-0.08226,-0.81806,-0.066695,0.40142,-0.066695,0.40142,-0.64483
3,14.526,-0.72344,56.191,-1.8597,-0.08226,0.9473,-0.066695,0.40142,-0.64483,0.40142,-0.64483,1.9775
3,-0.72344,56.191,-84.595,-0.08226,0.9473,-1.0659,0.40142,-0.64483,1.9775,-0.64483,1.9775,8.6711
3,56.191,-84.595,-2.6083,0.9473,-1.0659,7.1927,-0.64483,1.9775,8.6711,1.9775,8.6711,10.635
3,-84.595,-2.6083,98.591,-1.0659,7.1927,17.822,1.9775,8.6711,10.635,8.6711,10.635,10.417
3,-2.6083,98.591,41.488,7.1927,17.822,13.899,8.6711,10.635,10.417,10.635,10.417,-3.6453
3,82.234,-97.53,-28.31,-0.27164,-1.5925,1.9929,-0.50547,-0.49672,0.90994,-6.0655,-0.61771,1.6639
3,-97.53,-28.31,88.267,-1.5925,1.9929,-1.0933,-0.49672,0.90994,-1.0982,-0.61771,1.6639,-1.0873
3,-28.31,88.267,28.582,1.9929,-1.0933,-0.50259,0.90994,-1.0982,-0.012319,1.6639,-1.0873,-0.47916
3,88.267,28.582,-188.74,-1.0933,-0.50259,1.4917,-1.0982,-0.012319,1.4383,-1.0873,-0.47916,0.64657
3,28.582,-188.74,47.658,-0.50259,1.4917,-0.7079,-0.012319,1.4383,10.936,-0.47916,0.64657,-0.45267
3,-188.74,47.658,49.423,1.4917,-0.7079,9.6226,1.4383,10.936,10.619,0.64657,-0.45267,0.29434
3,47.658,49.423,-28.475,-0.7079,9.6226,16.879,10.936,10.619,10.508,-0.45267,0.29434,1.3378
3,49.423,-28.475,-65.82,9.6226,16.879,15.992,10.619,10.508,-5.1894,0.29434,1.3378,3.4992
3,-10.082,84.907,-158.53,-15.181,-4.6961,0.079437,-14.475,-15.181,-4.6961,-3.8033,0.12464,-0.32906
3,84.907,-158.53,-40.887,-4.6961,0.079437,-0.34351,-15.181,-4.6961,0.079437,0.12464,-0.32906,0.045626
3,-158.53,-40.887,69.907,0.079437,-0.34351,0.82252,-4.6961,0.079437,-0.34351,-0.32906,0.045626,0.59975
3,-40.887,69.907,-23.921,-0.34351,0.82252,-0.045082,0.079437,-0.34351,0.82252,0.045626,0.59975,-1.0695
3,69.907,-23.921,-36.871,0.82252,-0.045082,0.099296,-0.34351,0.82252,-0.045082,0.59975,-1.0695,-0.16202
3,-23.921,-36.871,-38.931,-0.045082,0.099296,-0.61445,0.82252,-0.045082,0.099296,-1.0695,-0.16202,0.44848
3,-36.871,-38.931,159.68,0.099296,-0.61445,0.37346,-0.045082,0.099296,-0.61445,-0.16202,0.44848,-0.1568
3,-38.931,159.68,-1.1934,-0.61445,0.37346,5.6691,0.099296,-0.61445,0.37346,0.44848,-0.1568,8.6848
3,-64.977,166.67,-96.53,15.833,15.557,14.674,0.044053,-0.77439,1.8082,0.30408,5.9519,7.2339
3,166.67,-96.53,-42.115,15.557,14.674,15.159,-0.77439,1.8082,6.844,5.9519,7.2339,7.018
3,-96.53,-42.115,-29.242,14.674,15.159,10.79,1.8082,6.844,7.987,7.2339,7.018,1.0867
3,-42.115,-29.242,171.04,15.159,10.79,-7.1314,6.844,7.987,7.4658,7.018,1.0867,-7.1314
3,-29.242,171.04,-98.051,10.79,-7.1314,-7.2615,7.987,7.4658,7.7009,1.0867,-7.1314,-7.2615
3,171.04,-98.051,-40.806,-7.1314,-7.2615,-5.9899,7.4658,7.7009,8.4208,-7.1314,-7.2615,-5.9899
3,-98.051,-40.806,36.844,-7.2615,-5.9899,-1.2662,7.7009,8.4208,7.7131,-7.2615,-5.9899,-1.2662
3,-40.806,36.844,75.946,-5.9899,-1.2662,-0.22869,8.4208,7.7131,4.5641,-5.9899,-1.2662,-0.22869
3,58.265,-107.85,8.5027,-4.8367,0.73786,-0.44315,-0.72479,0.69165,-0.42281,-8.4149,-5.1365,-2.1669
3,-107.85,8.5027,83.107,0.73786,-0.44315,-0.12803,0.69165,-0.42281,0.3048,-5.1365,-2.1669,-0.22418
3,8.5027,83.107,-2.1143,-0.44315,-0.12803,0.32487,-0.42281,0.3048,-0.4392,-2.1669,-0.22418,0.52334
3,83.107,-2.1143,-96.15,-0.12803,0.32487,-1.3026,0.3048,-0.4392,-0.050324,-0.22418,0.52334,-0.53259
3,-2.1143,-96.15,64.329,0.32487,-1.3026,1.2448,-0.4392,-0.050324,0.54239,0.52334,-0.53259,-0.084236
3,-96.15,64.329,20.199,-1.3026,1.2448,-0.013589,-0.050324,0.54239,6.0414,-0.53259,-0.084236,0.80542
3,64.329,20.199,-55.246,1.2448,-0.013589,-0.31101,0.54239,6.0414,9.8988,-0.084236,0.80542,-1.5093
3,20.199,-55.246,-35.263,-0.013589,-0.31101,16.723,6.0414,9.8988,10.359,0.80542,-1.5093,1.5482
4,-61.542,93.4,-42.286,0.62969,-0.46991,-0.57154,-0.13587,0.59324,-0.57826,-7.8478,-2.4282,-0.37102
4,93.4,-42.286,15.169,-0.46991,-0.57154,1.0737,0.59324,-0.57826,0.63598,-2.4282,-0.37102,0.17533
4,-42.286,15.169,-55.125,-0.57154,1.0737,-0.66782,-0.57826,0.63598,-0.39676,-0.37102,0.17533,0.30737
4,15.169,-55.125,115.18,1.0737,-0.66782,0.68417,0.63598,-0.39676,-0.10371,0.17533,0.30737,-0.44571
4,-55.125,115.18,-44.642,-0.66782,0.68417,-0.17152,-0.39676,-0.10371,7.343,0.30737,-0.44571,1.1554
4,115.18,-44.642,-26.045,0.68417,-0.17152,2.5101,-0.10371,7.343,11.394,-0.44571,1.1554,-1.0483
4,-44.642,-26.045,10.04,-0.17152,2.5101,15.389,7.343,11.394,11.002,1.1554,-1.0483,-0.2891
4,-26.045,10.04,66.497,2.5101,15.389,15.919,11.394,11.002,8.7691,-1.0483,-0.2891,1.669
4,-95.724,34.849,-35.66,1.1533,-0.68806,0.1672,-0.25575,-0.33202,0.22912,-4.3779,-0.22099,0.21958
4,34.849,-35.66,74.788,-0.68806,0.1672,-0.048065,-0.33202,0.22912,0.99373,-0.22099,0.21958,-0.24615
4,-35.66,74.788,-49.6,0.1672,-0.048065,0.16428,0.22912,0.99373,10.081,0.21958,-0.24615,0.24724
4,74.788,-49.6,9.9344,-0.048065,0.16428,7.5727,0.99373,10.081,10.869,-0.24615,0.24724,-0.17516
4,-49.6,9.9344,-64.937,0.16428,7.5727,15.992,10.081,10.869,11.064,0.24724,-0.17516,-0.087441
4,9.9344,-64.937,137.42,7.5727,15.992,15.106,10.869,11.064,0.045485,-0.17516,-0.087441,-0.035364
4,-64.937,137.42,-87.213,15.992,15.106,16.594,11.064,0.045485,-16.915,-0.087441,-0.035364,0.42664
4,137.42,-87.213,14.497,15.106,16.594,16.776,0.045485,-16.915,16.776,-0.035364,0.42664,4.3726
4,35.311,-72.28,150.1,0.12706,-0.032118,7.9847,0.76332,10.449,10.798,0.22593,-0.78693,0.62663
4,-72.28,150.1,-95.728,-0.032118,7.9847,16.036,10.449,10.798,11.676,-0.78693,0.62663,-0.38686
4,150.1,-95.728,16.771,7.9847,16.036,16.487,10.798,11.676,-2.2402,0.62663,-0.38686,0.20936
4,-95.728,16.771,41.859,16.036,16.487,16.546,11.676,-2.2402,-16.441,-0.38686,0.20936,0.13111
4,16.771,41.859,30.034,16.487,16.546,16.066,-2.2402,-16.441,-15.977,0.20936,0.13111,5.4794
4,41.859,30.034,-130.46,16.546,16.066,16.37,-16.441,-15.977,-17.012,0.13111,5.4794,8.3974
4,30.034,-130.46,-6.6664,16.066,16.37,-6.0855,-15.977,-17.012,-16.158,5.4794,8.3974,8.374
4,-130.46,-6.6664,59.368,16.37,-6.0855,-7.6742,-17.012,-16.158,-5.4629,8.3974,8.374,2.1578
4,-39.895,99.077,-45.886,15.837,16.77,16.515,-0.15327,0.34108,-0.065606,11.364,-1.1624,-16.922
4,99.077,-45.886,10.587,16.77,16.515,16.126,0.34108,-0.065606,5.3471,-1.1624,-16.922,-16.085
4,-45.886,10.587,-62.358,16.515,16.126,16.549,-0.065606,5.3471,8.6198,-16.922,-16.085,-17.012
4,10.587,-62.358,114.24,16.126,16.549,-6.29,5.3471,8.6198,8.3584,-16.085,-17.012,-15.383
4,-62.358,114.24,-43.257,16.549,-6.29,-7.7186,8.6198,8.3584,8.8812,-17.012,-15.383,-5.7471
4,114.24,-43.257,-19.32,-6.29,-7.7186,-7.1746,8.3584,8.8812,8.3066,-15.383,-5.7471,-0.8605
4,-43.257,-19.32,10.825,-7.7186,-7.1746,-1.3625,8.8812,8.3066,7.8939,-5.7471,-0.8605,1.1062
4,-19.32,10.825,44.604,-7.1746,-1.3625,-0.40563,8.3066,7.8939,3.0308,-0.8605,1.1062,-0.19079
4,6.7714,-53.22,93.191,-16.969,-16.793,-7.397,-8.2899,0.43356,-0.033972,8.363,8.8168,4.0866
4,-53.22,93.191,-87.102,-16.793,-7.397,-1.0615,0.43356,-0.033972,0.6015,8.8168,4.0866,-8.396
4,93.191,-87.102,-15.366,-7.397,-1.0615,0.74991,-0.033972,0.6015,-0.92693,4.0866,-8.396,-8.5669
4,-87.102,-15.366,-13.056,-1.0615,0.74991,-0.16077,0.6015,-0.92693,0.33692,-8.396,-8.5669,-7.4927
4,-15.366,-13.056,94.445,0.74991,-0.16077,-0.11127,-0.92693,0.33692,0.21164,-8.5669,-7.4927,-1.0095
4,-13.056,94.445,-41.835,-0.16077,-0.11127,-0.52687,0.33692,0.21164,0.19625,-7.4927,-1.0095,-0.36426
4,94.445,-41.835,13.996,-0.11127,-0.52687,0.96339,0.21164,0.19625,0.20825,-1.0095,-0.36426,-0.11553
4,-41.835,13.996,-57.332,-0.52687,0.96339,-0.11063,0.19625,0.20825,5.8752,-0.36426,-0.11553,0.37948
4,-96.383,35.301,-35.692,1.2615,-0.95945,0.16883,-0.035525,-0.068469,-0.18892,-4.3324,-0.50578,0.65669
4,35.301,-35.692,74.754,-0.95945,0.16883,0.39281,-0.068469,-0.18892,1.418,-0.50578,0.65669,-0.47951
4,-35.692,74.754,-49.492,0.16883,0.39281,-0.077824,-0.18892,1.418,9.7905,0.65669,-0.47951,-0.042561
4,74.754,-49.492,9.9089,0.39281,-0.077824,7.4338,1.418,9.7905,10.852,-0.47951,-0.042561,0.24198
4,-49.492,9.9089,-64.736,-0.077824,7.4338,16.172,9.7905,10.852,10.979,-0.042561,0.24198,-0.20327
4,9.9089,-64.736,137.03,7.4338,16.172,15.264,10.852,10.979,0.072401,0.24198,-0.20327,-0.1044
4,-64.736,137.03,-87.564,16.172,15.264,16.616,10.979,0.072401,-16.582,-0.20327,-0.1044,0.50529
4,137.03,-87.564,14.767,15.264,16.616,16.278,0.072401,-16.582,16.278,-0.1044,0.50529,4.3955
4,35.499,-72.298,150.31,0.4659,-0.54787,8.377,1.0779,10.633,10.769,0.070143,-0.47531,0.21438
4,-72.298,150.31,-95.81,-0.54787,8.377,16.12,10.633,10.769,11.379,-0.47531,0.21438,-0.022158
4,150.31,-95.81,16.631,8.377,16.12,16.604,10.769,11.379,-2.2107,0.21438,-0.022158,0.055021
4,-95.81,16.631,42.267,16.12,16.604,16.319,11.379,-2.2107,-16.415,-0.022158,0.055021,-0.13506
4,16.631,42.267,29.556,16.604,16.319,16.236,-2.2107,-16.415,-15.942,0.055021,-0.13506,5.8693
4,42.267,29.556,-130.15,16.319,16.236,16.212,-16.415,-15.942,-16.993,-0.13506,5.8693,8.0028
4,29.556,-130.15,-7.0771,16.236,16.212,-6.0085,-15.942,-16.993,-16.18,5.8693,8.0028,8.4641
4,-130.15,-7.0771,59.86,16.212,-6.0085,-7.8717,-16.993,-16.18,-5.6488,8.0028,8.4641,2.2707
4,-40.193,99.052,-45.721,16.465,16.388,16.388,-0.10984,0.15565,-0.17968,11.412,-1.0572,-16.981
4,99.052,-45.721,10.47,16.388,16.388,16.388,0.15565,-0.17968,5.4519,-1.0572,-16.981,-16.021
4,-45.721,10.47,-62.257,16.388,16.388,16.548,-0.17968,5.4519,8.3631,-16.981,-16.021,-16.807
4,10.47,-62.257,114.69,16.388,16.548,-6.551,5.4519,8.3631,8.6509,-16.021,-16.807,-15.705
4,-62.257,114.69,-43.726,16.548,-6.551,-7.735,8.3631,8.6509,8.5813,-16.807,-15.705,-5.7571
4,114.69,-43.726,-18.869,-6.551,-7.735,-6.9044,8.6509,8.5813,8.3097,-15.705,-5.7571,-0.76437
4,-43.726,-18.869,10.808,-7.735,-6.9044,-1.1714,8.5813,8.3097,8.1934,-5.7571,-0.76437,0.953
4,-18.869,10.808,44.56,-6.9044,-1.1714,-0.581,8.3097,8.1934,2.952,-0.76437,0.953,-0.24464
4,6.5565,-52.974,93.605,-16.539,-16.913,-7.3114,-8.2509,0.49176,-0.16756,8.4716,8.8371,4.033
4,-52.974,93.605,-87.442,-16.913,-7.3114,-1.0562,0.49176,-0.16756,0.92841,8.8371,4.033,-8.4031
4,93.605,-87.442,-15.213,-7.3114,-1.0562,0.80227,-0.16756,0.92841,-1.1976,4.033,-8.4031,-8.2291
4,-87.442,-15.213,-13.102,-1.0562,0.80227,-0.4145,0.92841,-1.1976,0.53699,-8.4031,-8.2291,-7.6599
4,-15.213,-13.102,94.39,0.80227,-0.4145,-0.17077,-1.1976,0.53699,-0.112,-8.2291,-7.6599,-0.84397
4,-13.102,94.39,-41.98,-0.4145,-0.17077,-0.43886,0.53699,-0.112,0.54427,-7.6599,-0.84397,-0.43011
4,94.39,-41.98,14.126,-0.17077,-0.43886,0.99865,-0.112,0.54427,0.097966,-0.84397,-0.43011,-0.28406
4,-41.98,14.126,-57.273,-0.43886,0.99865,0.085828,0.54427,0.097966,6.1197,-0.43011,-0.28406,0.32051
5,99.574,-6.7647,-31.462,0.95665,-0.50814,0.056231,-0.13309,0.95665,-0.50814,0.058892,-0.21942,0.55035
5,-6.7647,-31.462,23.657,-0.50814,0.056231,4.8016,0.95665,-0.50814,0.056231,-0.21942,0.55035,8.7381
5,-31.462,23.657,89.303,0.056231,4.8016,15.711,-0.50814,0.056231,4.8016,0.55035,8.7381,11.715
5,23.657,89.303,-84.564,4.8016,15.711,15.586,0.056231,4.8016,15.711,8.7381,11.715,11.724
5,89.303,-84.564,-120.62,15.711,15.586,15.407,4.8016,15.711,15.586,11.715,11.724,2.2738
5,-84.564,-120.62,-35.423,15.586,15.407,16.631,15.711,15.586,15.407,11.724,2.2738,-21.431
5,-120.62,-35.423,135.98,15.407,16.631,16.009,15.586,15.407,16.631,2.2738,-21.431,-10.642
5,-35.423,135.98,-70.914,16.631,16.009,-0.096736,15.407,16.631,16.009,-21.431,-10.642,-16.669
5,-144.95,83.222,8.0039,15.946,15.739,14.704,10.685,9.888,-31.461,0.25682,0.080284,-0.31081
5,83.222,8.0039,-7.3049,15.739,14.704,16.832,9.888,-31.461,16.832,0.080284,-0.31081,1.4495
5,8.0039,-7.3049,-87.588,14.704,16.832,16.393,-31.461,16.832,16.393,-0.31081,1.4495,7.7568
5,-7.3049,-87.588,33.776,16.832,16.393,6.8004,16.832,16.393,6.8004,1.4495,7.7568,8.3688
5,-87.588,33.776,24.826,16.393,6.8004,-8.0527,16.393,6.8004,-8.0527,7.7568,8.3688,8.4895
5,33.776,24.826,77.872,6.8004,-8.0527,-7.5594,6.8004,-8.0527,-7.5594,8.3688,8.4895,-5.4158
5,24.826,77.872,-38.813,-8.0527,-7.5594,-6.4517,-8.0527,-7.5594,-6.4517,8.4895,-5.4158,-8.6816
5,77.872,-38.813,-9.7147,-7.5594,-6.4517,0.84002,-7.5594,-6.4517,0.84002,-5.4158,-8.6816,-9.0166
5,83.857,-64.45,-7.8454,-0.65451,-0.94847,1.183,0.10293,0.67526,-0.094417,-0.86038,-0.42515,0.069316
5,-64.45,-7.8454,-30.464,-0.94847,1.183,-1.0434,0.67526,-0.094417,-0.088187,-0.42515,0.069316,0.40577
5,-7.8454,-30.464,8.8786,1.183,-1.0434,-0.67848,-0.094417,-0.088187,0.10391,0.069316,0.40577,-1.0294
5,-30.464,8.8786,35.414,-1.0434,-0.67848,-0.043025,-0.088187,0.10391,7.3982,0.40577,-1.0294,0.11768
5,8.8786,35.414,26.05,-0.67848,-0.043025,3.1957,0.10391,7.3982,10.575,-1.0294,0.11768,0.16803
5,35.414,26.05,-97.301,-0.043025,3.1957,15.668,7.3982,10.575,10.615,0.11768,0.16803,0.29682
5,26.05,-97.301,-31.932,3.1957,15.668,15.897,10.575,10.615,6.177,0.16803,0.29682,0.54878
5,-97.301,-31.932,108.54,15.668,15.897,15.727,10.615,6.177,-26.349,0.29682,0.54878,7.0476
5,-6.3738,4.7108,113.3,-1.3031,0.31218,-0.55049,0.43517,0.073651,0.44469,-7.8503,-6.1203,0.58618
5,4.7108,113.3,-40.987,0.31218,-0.55049,-0.89183,0.073651,0.44469,1.2217,-6.1203,0.58618,-1.0263
5,113.3,-40.987,-21.683,-0.55049,-0.89183,-0.075687,0.44469,1.2217,-1.2432,0.58618,-1.0263,0.12883
5,-40.987,-21.683,28.344,-0.89183,-0.075687,-0.98562,1.2217,-1.2432,-0.37231,-1.0263,0.12883,-0.35585
5,-21.683,28.344,58.916,-0.075687,-0.98562,0.047541,-1.2432,-0.37231,2.1879,0.12883,-0.35585,-0.35184
5,28.344,58.916,-100.92,-0.98562,0.047541,-0.15607,-0.37231,2.1879,10.363,-0.35585,-0.35184,-0.16323
5,58.916,-100.92,-24.724,0.047541,-0.15607,11.198,2.1879,10.363,11.469,-0.35184,-0.16323,0.46059
5,-100.92,-24.724,63.167,-0.15607,11.198,16.669,10.363,11.469,10.183,-0.16323,0.46059,0.40158
5,36.287,-83.657,4.592,-10.034,-0.084155,0.79195,0.28372,-0.17377,-0.09226,-7.5235,-7.6191,-3.8008
5,-83.657,4.592,116.78,-0.084155,0.79195,0.10976,-0.17377,-0.09226,0.65253,-7.6191,-3.8008,0.36852
5,4.592,116.78,59.478,0.79195,0.10976,-2.5257,-0.09226,0.65253,0.6064,-3.8008,0.36852,-0.94822
5,116.78,59.478,-126.83,0.10976,-2.5257,0.82048,0.65253,0.6064,-0.70913,0.36852,-0.94822,-0.023125
5,59.478,-126.83,16.812,-2.5257,0.82048,-0.75806,0.6064,-0.70913,-0.80604,-0.94822,-0.023125,-0.54189
5,-126.83,16.812,48.963,0.82048,-0.75806,0.19837,-0.70913,-0.80604,5.4489,-0.023125,-0.54189,0.12022
5,16.812,48.963,-19.562,-0.75806,0.19837,-0.14801,-0.80604,5.4489,11.156,-0.54189,0.12022,0.057985
5,48.963,-19.562,-29.839,0.19837,-0.14801,16.104,5.4489,11.156,11.474,0.12022,0.057985,0.55977
5,-144.6,82.747,8.298,15.683,15.834,14.88,10.785,9.8358,-31.217,0.23502,0.21857,-0.69915
5,82.747,8.298,-7.1199,15.834,14.88,16.447,9.8358,-31.217,16.447,0.21857,-0.69915,1.7597
5,8.298,-7.1199,-87.492,14.88,16.447,16.703,-31.217,16.447,16.703,-0.69915,1.7597,7.9602
5,-7.1199,-87.492,33.384,16.447,16.703,6.3754,16.447,16.703,6.3754,1.7597,7.9602,7.9659
5,-87.492,33.384,25.036,16.703,6.3754,-7.7062,16.703,6.3754,-7.7062,7.9602,7.9659,8.4655
5,33.384,25.036,77.928,6.3754,-7.7062,-7.5972,6.3754,-7.7062,-7.5972,7.9659,8.4655,-5.1882
5,25.036,77.928,-38.97,-7.7062,-7.5972,-6.2596,-7.7062,-7.5972,-6.2596,8.4655,-5.1882,-8.8252
5,77.928,-38.97,-9.6384,-7.5972,-6.2596,0.77129,-7.5972,-6.2596,0.77129,-5.1882,-8.8252,-8.8369
5,99.461,-6.4445,-31.708,0.30436,0.78895,-0.44336,0.78895,-0.44336,0.34168,-0.026029,0.037299,0.1346
5,-6.4445,-31.708,23.626,0.78895,-0.44336,0.34168,-0.44336,0.34168,4.8074,0.037299,0.1346,9.1556
5,-31.708,23.626,89.179,-0.44336,0.34168,4.8074,0.34168,4.8074,15.209,0.1346,9.1556,11.726
5,23.626,89.179,-84.49,0.34168,4.8074,15.209,4.8074,15.209,15.891,9.1556,11.726,11.387
5,89.179,-84.49,-120.74,4.8074,15.209,15.891,15.209,15.891,15.406,11.726,11.387,2.5604
5,-84.49,-120.74,-35.649,15.209,15.891,15.406,15.891,15.406,16.458,11.387,2.5604,-21.393
5,-120.74,-35.649,136.53,15.891,15.406,16.458,15.406,16.458,15.962,2.5604,-21.393,-10.852
5,-35.649,136.53,-71.244,15.406,16.458,15.962,16.458,15.962,-0.28924,-21.393,-10.852,-16.669
5,84.748,-64.802,-7.9287,-0.48088,-1.137,1.5691,0.017238,0.86127,-0.21333,-0.97968,-0.25537,0.21355
5,-64.802,-7.9287,-30.457,-1.137,1.5691,-1.2614,0.86127,-0.21333,-0.12393,-0.25537,0.21355,0.32495
5,-7.9287,-30.457,9.17,1.5691,-1.2614,-0.64898,-0.21333,-0.12393,0.23575,0.21355,0.32495,-1.0632
5,-30.457,9.17,34.78,-1.2614,-0.64898,0.044678,-0.12393,0.23575,7.5709,0.32495,-1.0632,0.29864
5,9.17,34.78,26.419,-0.64898,0.044678,3.1036,0.23575,7.5709,10.162,-1.0632,0.29864,-0.057602
5,34.78,26.419,-97.254,0.044678,3.1036,15.558,7.5709,10.162,10.812,0.29864,-0.057602,0.0972
5,26.419,-97.254,-31.982,3.1036,15.558,15.722,10.162,10.812,6.3181,-0.057602,0.0972,0.75637
5,-97.254,-31.982,108.68,15.558,15.722,15.925,10.812,6.3181,-26.563,0.0972,0.75637,7.4096
5,35.942,-83.468,4.6679,-9.9521,-0.21,0.94189,0.32991,-0.16881,0.061372,-7.3891,-7.6867,-3.175
5,-83.468,4.6679,117.11,-0.21,0.94189,-0.10113,-0.16881,0.061372,0.52374,-7.6867,-3.175,-0.11327
5,4.6679,117.11,59.286,0.94189,-0.10113,-2.5131,0.061372,0.52374,0.74328,-3.175,-0.11327,-0.93161
5,117.11,59.286,-126.85,-0.10113,-2.5131,0.76431,0.52374,0.74328,-0.98101,-0.11327,-0.93161,0.022017
5,59.286,-126.85,16.921,-2.5131,0.76431,-0.21902,0.74328,-0.98101,-0.45644,-0.93161,0.022017,-0.66078
5,-126.85,16.921,48.738,0.76431,-0.21902,-0.19309,-0.98101,-0.45644,5.4537,0.022017,-0.66078,0.19387
5,16.921,48.738,-19.587,-0.21902,-0.19309,-0.26458,-0.45644,5.4537,10.952,-0.66078,0.19387,-0.085244
5,48.738,-19.587,-29.73,-0.19309,-0.26458,16.444,5.4537,10.952,11.421,0.19387,-0.085244,0.50293
6,-72.656,14.723,76.94,0.46076,11.254,16.072,10.899,11.233,10.785,-0.43422,-0.10857,-0.34233
6,14.723,76.94,-90.486,11.254,16.072,15.768,11.233,10.785,-8.245,-0.10857,-0.34233,0.4364
6,76.94,-90.486,-26.628,16.072,15.768,15.554,10.785,-8.245,-15.515,-0.34233,0.4364,0.020888
6,-90.486,-26.628,-6.8223,15.768,15.554,16.235,-8.245,-15.515,-16.148,0.4364,0.020888,6.6957
6,-26.628,-6.8223,98.849,15.554,16.235,13.924,-15.515,-16.148,-16.267,0.020888,6.6957,8.1193
6,-6.8223,98.849,-68.092,16.235,13.924,-7.5152,-16.148,-16.267,-14.192,6.6957,8.1193,8.7021
6,98.849,-68.092,30.672,13.924,-7.5152,-7.576,-16.267,-14.192,-4.5089,8.1193,8.7021,-0.37204
6,-68.092,30.672,-62.366,-7.5152,-7.576,-6.124,-14.192,-4.5089,-0.30392,8.7021,-0.37204,-8.3677
6,36.462,-58.284,120.69,-0.23615,0.079397,0.10877,0.67229,-0.80643,7.845,-0.22557,-0.35051,-0.35081
6,-58.284,120.69,-96.054,0.079397,0.10877,3.3994,-0.80643,7.845,11.164,-0.35051,-0.35081,0.2987
6,120.69,-96.054,29.385,0.10877,3.3994,15.482,7.845,11.164,10.882,-0.35081,0.2987,-0.19083
6,-96.054,29.385,46.113,3.3994,15.482,15.874,11.164,10.882,7.1702,0.2987,-0.19083,0.33892
6,29.385,46.113,48.745,15.482,15.874,15.909,10.882,7.1702,-25.997,-0.19083,0.33892,0.37202
6,46.113,48.745,-151.92,15.874,15.909,15.608,7.1702,-25.997,15.608,0.33892,0.37202,1.9739
6,48.745,-151.92,-4.0966,15.909,15.608,15.83,-25.997,15.608,15.83,0.37202,1.9739,8.0913
6,-151.92,-4.0966,52.217,15.608,15.83,5.359,15.608,15.83,5.359,1.9739,8.0913,7.299
6,-79.295,96.368,-38.928,-12.534,-2.2143,0.53973,0.32747,0.10055,0.34922,8.2991,-5.9829,-7.8754
6,96.368,-38.928,9.4244,-2.2143,0.53973,-0.029678,0.10055,0.34922,-1.1997,-5.9829,-7.8754,-8.7199
6,-38.928,9.4244,-57.29,0.53973,-0.029678,0.57755,0.34922,-1.1997,1.2053,-7.8754,-8.7199,-3.7352
6,9.4244,-57.29,111.19,-0.029678,0.57755,-0.28603,-1.1997,1.2053,-0.69572,-8.7199,-3.7352,-0.13573
6,-57.29,111.19,-44.278,0.57755,-0.28603,0.17781,1.2053,-0.69572,0.057461,-3.7352,-0.13573,-0.19976
6,111.19,-44.278,-24.62,-0.28603,0.17781,0.16958,-0.69572,0.057461,1.1258,-0.13573,-0.19976,0.15397
6,-44.278,-24.62,13.599,0.17781,0.16958,-0.25347,0.057461,1.1258,10.497,-0.19976,0.15397,0.046009
6,-24.62,13.599,41.213,0.16958,-0.25347,8.4676,1.1258,10.497,11.088,0.15397,0.046009,0.11514
6,148,-57.673,-36.777,16.087,15.528,15.625,15.528,15.625,15.707,-0.052864,0.0097583,3.4162
6,-57.673,-36.777,-3.3159,15.528,15.625,15.707,15.625,15.707,15.447,0.0097583,3.4162,7.9387
6,-36.777,-3.3159,65.007,15.625,15.707,15.447,15.707,15.447,0.80494,3.4162,7.9387,8.5788
6,-3.3159,65.007,-91.326,15.707,15.447,0.80494,15.447,0.80494,-7.8657,7.9387,8.5788,7.2376
6,65.007,-91.326,47.419,15.447,0.80494,-7.8657,0.80494,-7.8657,-7.2052,8.5788,7.2376,-8.2796
6,-91.326,47.419,-43.933,0.80494,-7.8657,-7.2052,-7.8657,-7.2052,-3.298,7.2376,-8.2796,-8.296
6,47.419,-43.933,74.474,-7.8657,-7.2052,-3.298,-7.2052,-3.298,-0.89986,-8.2796,-8.296,-7.9419
6,-43.933,74.474,-48.798,-7.2052,-3.298,-0.89986,-3.298,-0.89986,0.77508,-8.296,-7.9419,-2.9058
6,-72.466,14.277,76.901,-0.21634,11.845,16.177,10.731,11.133,10.884,-0.39795,-0.078994,0.22422
6,14.277,76.901,-90.143,11.845,16.177,16.015,11.133,10.884,-7.9427,-0.078994,0.22422,-0.097865
6,76.901,-90.143,-26.834,16.177,16.015,15.198,10.884,-7.9427,-15.836,0.22422,-0.097865,0.17029
6,-90.143,-26.834,-6.7492,16.015,15.198,16.492,-7.9427,-15.836,-16.175,-0.097865,0.17029,6.459
6,-26.834,-6.7492,98.896,15.198,16.492,13.888,-15.836,-16.175,-16.138,0.17029,6.459,8.622
6,-6.7492,98.896,-68.404,16.492,13.888,-7.4891,-16.175,-16.138,-14.427,6.459,8.622,8.269
6,98.896,-68.404,30.953,13.888,-7.4891,-7.2599,-16.138,-14.427,-4.4276,8.622,8.269,-0.13704
6,-68.404,30.953,-62.79,-7.4891,-7.2599,-6.671,-14.427,-4.4276,-0.56418,8.269,-0.13704,-8.5686
6,-78.858,96.254,-39.088,-12.494,-2.0791,0.28857,0.42019,0.26894,-0.179,8.2841,-6.0805,-7.9779
6,96.254,-39.088,9.4477,-2.0791,0.28857,0.067098,0.26894,-0.179,-0.66199,-6.0805,-7.9779,-8.5083
6,-39.088,9.4477,-57.157,0.28857,0.067098,0.52336,-0.179,-0.66199,0.6485,-7.9779,-8.5083,-3.9166
6,9.4477,-57.157,110.89,0.067098,0.52336,-0.21448,-0.66199,0.6485,-0.28613,-8.5083,-3.9166,0.19236
6,-57.157,110.89,-44.08,0.52336,-0.21448,0.12787,0.6485,-0.28613,0.10157,-3.9166,0.19236,-0.70457
6,110.89,-44.08,-24.678,-0.21448,0.12787,-0.10105,-0.28613,0.10157,1.2252,0.19236,-0.70457,0.3263
6,-44.08,-24.678,13.321,0.12787,-0.10105,0.1067,0.10157,1.2252,10.195,-0.70457,0.3263,0.40983
6,-24.678,13.321,41.178,-0.10105,0.1067,8.3138,1.2252,10.195,11.115,0.3263,0.40983,0.060667
6,26.87,-64.118,117.36,16.71,15.869,16.321,0.21146,0.066271,6.6155,5.4649,7.6577,6.4029
6,-64.118,117.36,-112.31,15.869,16.321,13.872,0.066271,6.6155,8.228,7.6577,6.4029,3.5846
6,117.36,-112.31,55.192,16.321,13.872,-7.2395,6.6155,8.228,8.3502,6.4029,3.5846,-7.2395
6,-112.31,55.192,-0.29414,13.872,-7.2395,-7.8793,8.228,8.3502,8.413,3.5846,-7.2395,-7.8793
6,55.192,-0.29414,54.764,-7.2395,-7.8793,-6.3337,8.3502,8.413,8.1145,-7.2395,-7.8793,-6.3337
6,-0.29414,54.764,-97.562,-7.8793,-6.3337,-1.774,8.413,8.1145,8.2674,-7.8793,-6.3337,-1.774
6,54.764,-97.562,-13.558,-6.3337,-1.774,0.085849,8.1145,8.2674,1.8486,-6.3337,-1.774,0.085849
6,-97.562,-13.558,20.556,-1.774,0.085849,-0.12994,8.2674,1.8486,-2.4387,-1.774,0.085849,-0.12994
6,148.15,-57.946,-36.585,15.89,16.051,15.292,16.051,15.292,15.457,0.36408,-0.097643,3.8926
6,-57.946,-36.585,-2.8557,16.051,15.292,15.457,15.292,15.457,15.415,-0.097643,3.8926,7.4106
6,-36.585,-2.8557,64.452,15.292,15.457,15.415,15.457,15.415,0.92796,3.8926,7.4106,8.5478
6,-2.8557,64.452,-91.625,15.457,15.415,0.92796,15.415,0.92796,-7.7819,7.4106,8.5478,7.1646
6,64.452,-91.625,48.162,15.415,0.92796,-7.7819,0.92796,-7.7819,-7.1653,8.5478,7.1646,-8.1519
6,-91.625,48.162,-44.43,0.92796,-7.7819,-7.1653,-7.7819,-7.1653,-3.5323,7.1646,-8.1519,-8.0292
6,48.162,-44.43,74.247,-7.7819,-7.1653,-3.5323,-7.1653,-3.5323,-0.68899,-8.1519,-8.0292,-8.381
6,-44.43,74.247,-48.745,-7.1653,-3.5323,-0.68899,-3.5323,-0.68899,0.83094,-8.0292,-8.381,-2.4116
8,16.848,-52.881,119.8,-11.446,-5.2144,-1.838,-15.48,-17.813,-15.615,-16.707,-17.813,-15.615
8,-52.881,119.8,-102.32,-5.2144,-1.838,0.17051,-17.813,-15.615,-5.8452,-17.813,-15.615,-5.8452
8,119.8,-102.32,24.274,-1.838,0.17051,0.55973,-15.615,-5.8452,0.18563,-15.615,-5.8452,0.18563
8,-102.32,24.274,-87.545,0.17051,0.55973,1.2488,-5.8452,0.18563,-1.9245,-5.8452,0.18563,-1.9245
8,24.274,-87.545,125.31,0.55973,1.2488,-1.4981,0.18563,-1.9245,-3.2618,0.18563,-1.9245,-3.2618
8,-87.545,125.31,59.195,1.2488,-1.4981,-1.2776,-1.9245,-3.2618,1.0804,-1.9245,-3.2618,1.0804
8,125.31,59.195,-131.73,-1.4981,-1.2776,1.1383,-3.2618,1.0804,2.5369,-3.2618,1.0804,2.5369
8,59.195,-131.73,-28.304,-1.2776,1.1383,0.9847,1.0804,2.5369,4.068,1.0804,2.5369,4.068
8,-248.39,95.036,160.52,-1.3294,-3.3722,3.398,-1.5568,0.85024,2.0581,-0.75036,-0.91258,0.59878
8,95.036,160.52,-254.15,-3.3722,3.398,-1.4805,0.85024,2.0581,7.3362,-0.91258,0.59878,-0.17692
8,160.52,-254.15,-55.581,3.398,-1.4805,6.1969,2.0581,7.3362,9.7079,0.59878,-0.17692,-0.97351
8,-254.15,-55.581,-40.382,-1.4805,6.1969,14.239,7.3362,9.7079,11.645,-0.17692,-0.97351,0.77774
8,-55.581,-40.382,-3.1482,6.1969,14.239,17.205,9.7079,11.645,4.5453,-0.97351,0.77774,-0.39456
8,-40.382,-3.1482,229.81,14.239,17.205,15.886,11.645,4.5453,-22.18,0.77774,-0.39456,-0.96758
8,-3.1482,229.81,-202.76,17.205,15.886,16.224,4.5453,-22.18,16.224,-0.39456,-0.96758,4.6953
8,229.81,-202.76,-75.721,15.886,16.224,17.301,-22.18,16.224,17.301,-0.96758,4.6953,8.2986
8,7.0673,-40.739,69.888,-0.2769,-0.85324,-0.776,-0.59929,2.2532,10.315,-0.66425,-0.74302,0.0053227
8,-40.739,69.888,195.07,-0.85324,-0.776,6.7941,2.2532,10.315,10.767,-0.74302,0.0053227,-0.71776
8,69.888,195.07,-231.49,-0.776,6.7941,17.81,10.315,10.767,13.046,0.0053227,-0.71776,-0.36971
8,195.07,-231.49,54.027,6.7941,17.81,18.139,10.767,13.046,-3.9835,-0.71776,-0.36971,1.5045
8,-231.49,54.027,47.464,17.81,18.139,16.523,13.046,-3.9835,-15.048,-0.36971,1.5045,0.41291
8,54.027,47.464,-79.965,18.139,16.523,14.171,-3.9835,-15.048,-16.382,1.5045,0.41291,4.2984
8,47.464,-79.965,-83.606,16.523,14.171,15.643,-15.048,-16.382,-15.203,0.41291,4.2984,8.2642
8,-79.965,-83.606,116.71,14.171,15.643,-4.2138,-16.382,-15.203,-19.838,4.2984,8.2642,8.1569
8,-99.675,35.375,131.04,15.129,14.441,15.94,0.18192,0.015424,6.8272,5.8375,6.7949,7.0584
8,35.375,131.04,-91.112,14.441,15.94,14.189,0.015424,6.8272,6.6533,6.7949,7.0584,3.5259
8,131.04,-91.112,-21.352,15.94,14.189,-7.6905,6.8272,6.6533,7.842,7.0584,3.5259,-7.6905
8,-91.112,-21.352,-66.986,14.189,-7.6905,-6.3306,6.6533,7.842,9.2178,3.5259,-7.6905,-6.3306
8,-21.352,-66.986,115.06,-7.6905,-6.3306,-5.449,7.842,9.2178,7.3887,-7.6905,-6.3306,-5.449
8,-66.986,115.06,-24.031,-6.3306,-5.449,-4.2028,9.2178,7.3887,8.0221,-6.3306,-5.449,-4.2028
8,115.06,-24.031,-246.61,-5.449,-4.2028,0.8975,7.3887,8.0221,2.5254,-5.449,-4.2028,0.8975
8,-24.031,-246.61,251.09,-4.2028,0.8975,-0.26273,8.0221,2.5254,-1.1671,-4.2028,0.8975,-0.26273
8,25.773,-2.2015,108.98,-16.37,-18.362,-16.901,14.621,15.763,-5.0546,-11.001,-8.8708,2.5503
8,-2.2015,108.98,-163.69,-18.362,-16.901,-7.2606,15.763,-5.0546,-7.2989,-8.8708,2.5503,-0.17186
8,108.98,-163.69,-88.626,-16.901,-7.2606,1.2596,-5.0546,-7.2989,-6.8832,2.5503,-0.17186,-1.5625
8,-163.69,-88.626,97.423,-7.2606,1.2596,1.6469,-7.2989,-6.8832,-1.6887,-0.17186,-1.5625,-1.458
8,-88.626,97.423,-61.817,1.2596,1.6469,1.4649,-6.8832,-1.6887,0.13623,-1.5625,-1.458,1.3826
8,97.423,-61.817,-33.806,1.6469,1.4649,-1.9769,-1.6887,0.13623,0.42065,-1.458,1.3826,-1.7253
8,-61.817,-33.806,32.503,1.4649,-1.9769,-1.0042,0.13623,0.42065,-1.2056,1.3826,-1.7253,-0.79288
8,-33.806,32.503,65.337,-1.9769,-1.0042,-1.4183,0.42065,-1.2056,-0.1197,-1.7253,-0.79288,2.7148
8,-248.54,94.884,160.67,-1.0716,-3.0106,3.0079,-1.5731,0.82086,2.2395,-0.48624,-1.1064,0.89943
8,94.884,160.67,-254.36,-3.0106,3.0079,-1.3032,0.82086,2.2395,7.2546,-1.1064,0.89943,-0.22684
8,160.67,-254.36,-55.56,3.0079,-1.3032,6.1695,2.2395,7.2546,9.8651,0.89943,-0.22684,-1.057
8,-254.36,-55.56,-40.292,-1.3032,6.1695,14.321,7.2546,9.8651,11.207,-0.22684,-1.057,0.98804
8,-55.56,-40.292,-3.0247,6.1695,14.321,16.718,9.8651,11.207,4.5779,-1.057,0.98804,-0.62925
8,-40.292,-3.0247,229.53,14.321,16.718,16.367,11.207,4.5779,-21.91,0.98804,-0.62925,-0.62348
8,-3.0247,229.53,-202.61,16.718,16.367,16.009,4.5779,-21.91,16.009,-0.62925,-0.62348,4.3558
8,229.53,-202.61,-76.036,16.367,16.009,17.376,-21.91,16.009,17.376,-0.62348,4.3558,8.4516
8,17.127,-52.868,119.41,-11.341,-5.2933,-2.0237,-15.643,-17.51,-15.865,-17.202,-17.51,-15.865
8,-52.868,119.41,-102.43,-5.2933,-2.0237,0.13932,-17.51,-15.865,-5.6634,-17.51,-15.865,-5.6634
8,119.41,-102.43,24.834,-2.0237,0.13932,0.56834,-15.865,-5.6634,0.32406,-15.865,-5.6634,0.32406
8,-102.43,24.834,-87.552,0.13932,0.56834,1.0403,-5.6634,0.32406,-1.7833,-5.6634,0.32406,-1.7833
8,24.834,-87.552,124.96,0.56834,1.0403,-1.0668,0.32406,-1.7833,-3.2134,0.32406,-1.7833,-3.2134
8,-87.552,124.96,59.388,1.0403,-1.0668,-1.1012,-1.7833,-3.2134,0.73534,-1.7833,-3.2134,0.73534
8,124.96,59.388,-131.79,-1.0668,-1.1012,0.96659,-3.2134,0.73534,2.6057,-3.2134,0.73534,2.6057
8,59.388,-131.79,-27.993,-1.1012,0.96659,0.67778,0.73534,2.6057,3.8695,0.73534,2.6057,3.8695
8,7.6156,-40.769,69.11,-0.58667,-0.92439,-0.37051,-0.37751,2.0551,10.378,0.20928,-1.2375,0.33148
8,-40.769,69.11,195.51,-0.92439,-0.37051,6.4959,2.0551,10.378,10.907,-1.2375,0.33148,-0.77727
8,69.11,195.51,-231.18,-0.37051,6.4959,17.998,10.378,10.907,12.963,0.33148,-0.77727,-0.82262
8,195.51,-231.18,53.956,6.4959,17.998,18.051,10.907,12.963,-4.0853,-0.77727,-0.82262,1.5883
8,-231.18,53.956,47.463,17.998,18.051,16.765,12.963,-4.0853,-15.063,-0.82262,1.5883,0.5062
8,53.956,47.463,-80.519,18.051,16.765,13.995,-4.0853,-15.063,-16.442,1.5883,0.5062,4.3358
8,47.463,-80.519,-83.004,16.765,13.995,15.656,-15.063,-16.442,-15.141,0.5062,4.3358,8.1991
8,-80.519,-83.004,116.51,13.995,15.656,-4.2806,-16.442,-15.141,-19.836,4.3358,8.1991,8.4053
8,-99.465,35.641,130.53,15.282,14.175,16.001,-0.035606,0.4366,6.4013,5.7429,6.6528,7.5567
8,35.641,130.53,-91.084,14.175,16.001,14.101,0.4366,6.4013,7.1214,6.6528,7.5567,3.1264
8,130.53,-91.084,-21.479,16.001,14.101,-7.5754,6.4013,7.1214,7.8016,7.5567,3.1264,-7.5754
8,-91.084,-21.479,-66.564,14.101,-7.5754,-6.2772,7.1214,7.8016,8.8667,3.1264,-7.5754,-6.2772
8,-21.479,-66.564,114.88,-7.5754,-6.2772,-5.5989,7.8016,8.8667,7.6656,-7.5754,-6.2772,-5.5989
8,-66.564,114.88,-23.844,-6.2772,-5.5989,-4.1083,8.8667,7.6656,7.8171,-6.2772,-5.5989,-4.1083
8,114.88,-23.844,-246.46,-5.5989,-4.1083,0.94056,7.6656,7.8171,2.8275,-5.5989,-4.1083,0.94056
8,-23.844,-246.46,250.95,-4.1083,0.94056,-0.51326,7.8171,2.8275,-1.3362,-4.1083,0.94056,-0.51326
8,26.178,-1.8268,108.35,-16.081,-18.622,-16.796,14.809,15.525,-5.061,-10.767,-8.4434,1.9591
8,-1.8268,108.35,-163.94,-18.622,-16.796,-7.3299,15.525,-5.061,-7.4099,-8.4434,1.9591,-0.24839
8,108.35,-163.94,-88.552,-16.796,-7.3299,1.0582,-5.061,-7.4099,-6.7841,1.9591,-0.24839,-1.1873
8,-163.94,-88.552,97.669,-7.3299,1.0582,1.852,-7.4099,-6.7841,-1.6607,-0.24839,-1.1873,-1.9048
8,-88.552,97.669,-61.751,1.0582,1.852,1.1174,-6.7841,-1.6607,0.13246,-1.1873,-1.9048,1.6318
8,97.669,-61.751,-34.223,1.852,1.1174,-1.6828,-1.6607,0.13246,0.50717,-1.9048,1.6318,-1.7872
8,-61.751,-34.223,32.75,1.1174,-1.6828,-0.93514,0.13246,0.50717,-1.1408,1.6318,-1.7872,-0.53586
8,-34.223,32.75,65.289,-1.6828,-0.93514,-1.5915,0.50717,-1.1408,-0.043126,-1.7872,-0.53586,2.482
9,-12.111,31.227,64.016,0.58312,-0.3893,0.43198,0.32898,0.44223,6.4477,-0.18916,-0.17934,-0.25714
9,31.227,64.016,-8.4268,-0.3893,0.43198,0.81223,0.44223,6.4477,10.594,-0.17934,-0.25714,0.65433
9,64.016,-8.4268,-44.302,0.43198,0.81223,16.809,6.4477,10.594,11.939,-0.25714,0.65433,-1.0824
9,-8.4268,-44.302,132.13,0.81223,16.809,16.676,10.594,11.939,6.5487,0.65433,-1.0824,0.83937
9,-44.302,132.13,-55.785,16.809,16.676,17.4,11.939,6.5487,-25.057,-1.0824,0.83937,-0.2837
9,132.13,-55.785,-95.366,16.676,17.4,17.174,6.5487,-25.057,17.174,0.83937,-0.2837,3.3669
9,-55.785,-95.366,52.444,17.4,17.174,16.379,-25.057,17.174,16.379,-0.2837,3.3669,7.6599
9,-95.366,52.444,61.529,17.174,16.379,0.62215,17.174,16.379,0.62215,3.3669,7.6599,9.9796
9,151.26,-23.279,-20.381,0.30251,-0.68874,0.13615,-0.12484,0.30251,-0.68874,0.36793,0.55578,-0.89099
9,-23.279,-20.381,-54.617,-0.68874,0.13615,1.4146,0.30251,-0.68874,0.13615,0.55578,-0.89099,0.18432
9,-20.381,-54.617,-9.942,0.13615,1.4146,-0.36825,-0.68874,0.13615,1.4146,-0.89099,0.18432,0.40973
9,-54.617,-9.942,6.2962,1.4146,-0.36825,-0.44819,0.13615,1.4146,-0.36825,0.18432,0.40973,-0.039154
9,-9.942,6.2962,-23.052,-0.36825,-0.44819,0.66796,1.4146,-0.36825,-0.44819,0.40973,-0.039154,3.4851
9,6.2962,-23.052,-8.3984,-0.44819,0.66796,14.197,-0.36825,-0.44819,0.66796,-0.039154,3.4851,11.699
9,-23.052,-8.3984,115.65,0.66796,14.197,15.855,-0.44819,0.66796,14.197,3.4851,11.699,10.904
9,-8.3984,115.65,-57.823,14.197,15.855,16.508,0.66796,14.197,15.855,11.699,10.904,8.5255
9,-39.998,148.36,-88.215,16.318,16.402,6.7128,1.847,7.5929,8.2272,-16.459,-17.004,-14.682
9,148.36,-88.215,-1.3053,16.402,6.7128,-7.3318,7.5929,8.2272,8.4573,-17.004,-14.682,-14.064
9,-88.215,-1.3053,-36.414,6.7128,-7.3318,-7.5736,8.2272,8.4573,8.7053,-14.682,-14.064,-1.6905
9,-1.3053,-36.414,82.499,-7.3318,-7.5736,-5.6217,8.4573,8.7053,8.4905,-14.064,-1.6905,0.27075
9,-36.414,82.499,-75.166,-7.5736,-5.6217,-0.046029,8.7053,8.4905,8.6459,-1.6905,0.27075,-1.3983
9,82.499,-75.166,46.692,-5.6217,-0.046029,-0.19349,8.4905,8.6459,0.2296,0.27075,-1.3983,0.71505
9,-75.166,46.692,57.068,-0.046029,-0.19349,-0.017964,8.6459,0.2296,-1.3073,-1.3983,0.71505,0.47561
9,46.692,57.068,26.119,-0.19349,-0.017964,0.15658,0.2296,-1.3073,-1.1174,0.71505,0.47561,-0.10774
9,-91.363,32.114,20.509,15.999,15.555,8.3806,0.99262,7.7217,8.493,-16.194,-16.141,-16.547
9,32.114,20.509,-53.58,15.555,8.3806,-7.6235,7.7217,8.493,8.4547,-16.141,-16.547,-12.561
9,20.509,-53.58,12.147,8.3806,-7.6235,-7.2062,8.493,8.4547,8.2415,-16.547,-12.561,-2.8104
9,-53.58,12.147,-10.942,-7.6235,-7.2062,-5.8879,8.4547,8.2415,8.4091,-12.561,-2.8104,0.47876
9,12.147,-10.942,77.337,-7.2062,-5.8879,0.043267,8.2415,8.4091,8.3514,-2.8104,0.47876,-0.22513
9,-10.942,77.337,-39.325,-5.8879,0.043267,-0.37708,8.4091,8.3514,0.070264,0.47876,-0.22513,0.42928
9,77.337,-39.325,-46.234,0.043267,-0.37708,0.18623,8.3514,0.070264,-1.4201,-0.22513,0.42928,-1.0951
9,-39.325,-46.234,-2.5412,-0.37708,0.18623,0.16424,0.070264,-1.4201,-1.5071,0.42928,-1.0951,0.3816
9,69.508,8.8679,-137.21,-13.987,-3.7556,1.2102,-12.398,-13.987,-3.7556,-3.4015,0.58041,0.095647
9,8.8679,-137.21,-52.127,-3.7556,1.2102,-0.058973,-13.987,-3.7556,1.2102,0.58041,0.095647,-0.40785
9,-137.21,-52.127,158.57,1.2102,-0.058973,-0.11405,-3.7556,1.2102,-0.058973,0.095647,-0.40785,0.74274
9,-52.127,158.57,3.6605,-0.058973,-0.11405,-1.5922,1.2102,-0.058973,-0.11405,-0.40785,0.74274,-0.65078
9,158.57,3.6605,-55.996,-0.11405,-1.5922,1.7201,-0.058973,-0.11405,-1.5922,0.74274,-0.65078,0.37692
9,3.6605,-55.996,-72.402,-1.5922,1.7201,-0.58419,-0.11405,-1.5922,1.7201,-0.65078,0.37692,0.22603
9,-55.996,-72.402,110.88,1.7201,-0.58419,-0.82975,-1.5922,1.7201,-0.58419,0.37692,0.22603,0.94744
9,-72.402,110.88,45.359,-0.58419,-0.82975,4.7498,1.7201,-0.58419,-0.82975,0.22603,0.94744,7.6804
9,150.66,-23.017,-20.084,0.2769,-0.42313,-0.0028025,-0.42313,-0.0028025,-0.12087,0.41971,0.17742,-0.77623
9,-23.017,-20.084,-55.124,-0.42313,-0.0028025,-0.12087,-0.0028025,-0.12087,1.6244,0.17742,-0.77623,0.68042
9,-20.084,-55.124,-9.7795,-0.0028025,-0.12087,1.6244,-0.12087,1.6244,-0.58304,-0.77623,0.68042,0.053166
9,-55.124,-9.7795,6.2954,-0.12087,1.6244,-0.58304,1.6244,-0.58304,-0.32928,0.68042,0.053166,-0.069477
9,-9.7795,6.2954,-22.659,1.6244,-0.58304,-0.32928,-0.58304,-0.32928,0.52537,0.053166,-0.069477,3.6851
9,6.2954,-22.659,-8.4189,-0.58304,-0.32928,0.52537,-0.32928,0.52537,14.305,-0.069477,3.6851,11.55
9,-22.659,-8.4189,115.37,-0.32928,0.52537,14.305,0.52537,14.305,15.939,3.6851,11.55,10.682
9,-8.4189,115.37,-57.863,0.52537,14.305,15.939,14.305,15.939,16.34,11.55,10.682,8.4567
9,-12.315,31.824,63.793,0.6057,-0.64786,0.65088,0.23599,0.47033,6.3923,-0.15829,-0.13065,-0.022077
9,31.824,63.793,-8.1819,-0.64786,0.65088,0.96341,0.47033,6.3923,10.646,-0.13065,-0.022077,0.48507
9,63.793,-8.1819,-44.896,0.65088,0.96341,16.537,6.3923,10.646,11.993,-0.022077,0.48507,-1.3731
9,-8.1819,-44.896,132.1,0.96341,16.537,16.62,10.646,11.993,6.2575,0.48507,-1.3731,0.89518
9,-44.896,132.1,-55.857,16.537,16.62,17.547,11.993,6.2575,-24.891,-1.3731,0.89518,-0.34831
9,132.1,-55.857,-95.216,16.62,17.547,17.159,6.2575,-24.891,17.159,0.89518,-0.34831,3.8526
9,-55.857,-95.216,52.503,17.547,17.159,16.453,-24.891,17.159,16.453,-0.34831,3.8526,8.1349
9,-95.216,52.503,61.525,17.159,16.453,0.64259,17.159,16.453,0.64259,3.8526,8.1349,9.2787
9,-39.802,147.78,-87.647,16.203,16.087,7.0117,1.7896,7.9762,7.9436,-16.526,-16.983,-14.521
9,147.78,-87.647,-1.2514,16.087,7.0117,-7.3689,7.9762,7.9436,8.5173,-16.983,-14.521,-14.217
9,-87.647,-1.2514,-36.788,7.0117,-7.3689,-7.3831,7.9436,8.5173,8.603,-14.521,-14.217,-1.4977
9,-1.2514,-36.788,82.557,-7.3689,-7.3831,-5.7211,8.5173,8.603,8.5766,-14.217,-1.4977,0.065767
9,-36.788,82.557,-74.881,-7.3831,-5.7211,-0.59465,8.603,8.5766,8.2881,-1.4977,0.065767,-1.1553
9,82.557,-74.881,46.376,-5.7211,-0.59465,0.12305,8.5766,8.2881,0.36846,0.065767,-1.1553,0.37543
9,-74.881,46.376,56.977,-0.59465,0.12305,0.44811,8.2881,0.36846,-1.324,-1.1553,0.37543,0.31739
9,46.376,56.977,26.39,0.12305,0.44811,-0.046977,0.36846,-1.324,-1.1611,0.37543,0.31739,-0.061896
9,-91.278,32.123,20.267,16.113,15.809,8.0629,1.5685,7.5247,8.407,-16.168,-15.959,-16.688
9,32.123,20.267,-53.707,15.809,8.0629,-7.6022,7.5247,8.407,8.3421,-15.959,-16.688,-12.634
9,20.267,-53.707,12.424,8.0629,-7.6022,-7.1044,8.407,8.3421,8.345,-16.688,-12.634,-2.7696
9,-53.707,12.424,-10.885,-7.6022,-7.1044,-6.0562,8.3421,8.345,8.4942,-12.634,-2.7696,0.46819
9,12.424,-10.885,77.218,-7.1044,-6.0562,0.063409,8.345,8.4942,8.3175,-2.7696,0.46819,-0.066776
9,-10.885,77.218,-39.475,-6.0562,0.063409,-0.26829,8.4942,8.3175,0.23502,0.46819,-0.066776,0.39614
9,77.218,-39.475,-46.031,0.063409,-0.26829,-0.06115,8.3175,0.23502,-2.0358,-0.066776,0.39614,-1.1566
9,-39.475,-46.031,-2.0573,-0.26829,-0.06115,0.51997,0.23502,-2.0358,-1.0029,0.39614,-1.1566,0.12297
