1,44.956,580.71,-1608.9,12.629,10.655,-23.859,0.70564,1.6386,-3.2618,3.7584,6.3521,-0.72185
1,580.71,-1608.9,918.17,10.655,-23.859,-22.438,1.6386,-3.2618,6.2039,6.3521,-0.72185,2.9565
1,-1608.9,918.17,540.5,-23.859,-22.438,-10.354,-3.2618,6.2039,0.4012,-0.72185,2.9565,-8.1899
1,918.17,540.5,398.81,-22.438,-10.354,-22.257,6.2039,0.4012,2.4724,2.9565,-8.1899,-11.936
1,540.5,398.81,-266.23,-10.354,-22.257,-6.7121,0.4012,2.4724,-15.169,-8.1899,-11.936,-11.594
1,398.81,-266.23,354.1,-22.257,-6.7121,-3.915,2.4724,-15.169,-10.896,-11.936,-11.594,-3.9891
1,-266.23,354.1,298.51,-6.7121,-3.915,2.1553,-15.169,-10.896,-5.5112,-11.594,-3.9891,2.7243
1,354.1,298.51,-267.37,-3.915,2.1553,1.8166,-10.896,-5.5112,0.46358,-3.9891,2.7243,-0.42543
1,-133.45,-64.946,-741.83,-16.416,-21.257,8.2727,-8.0882,-2.0492,-2.0857,6.546,5.1869,2.4946
1,-64.946,-741.83,1745.5,-21.257,8.2727,-21.432,-2.0492,-2.0857,4.9631,5.1869,2.4946,-6.2742
1,-741.83,1745.5,-421.84,8.2727,-21.432,-4.6871,-2.0857,4.9631,-4.8173,2.4946,-6.2742,-12.647
1,1745.5,-421.84,412.99,-21.432,-4.6871,11.206,4.9631,-4.8173,8.8722,-6.2742,-12.647,-4.3156
1,-421.84,412.99,-632.1,-4.6871,11.206,-18.946,-4.8173,8.8722,-9.7187,-12.647,-4.3156,-12.799
1,412.99,-632.1,433.66,11.206,-18.946,-0.25436,8.8722,-9.7187,-6.2333,-4.3156,-12.799,3.1064
1,-632.1,433.66,118.95,-18.946,-0.25436,0.14573,-9.7187,-6.2333,0.077522,-12.799,3.1064,-0.31317
1,433.66,118.95,195.27,-0.25436,0.14573,0.1649,-6.2333,0.077522,5.2485,3.1064,-0.31317,0.097542
1,99.03,58.187,81.286,-8.3065,-1.8163,2.5641,-12.202,-10.781,-4.9338,-24.544,-10.781,-4.9338
1,58.187,81.286,105.17,-1.8163,2.5641,12.466,-10.781,-4.9338,-7.3092,-10.781,-4.9338,-7.3092
1,81.286,105.17,-197.53,2.5641,12.466,-8.1576,-4.9338,-7.3092,-29.048,-4.9338,-7.3092,-29.048
1,105.17,-197.53,359.06,12.466,-8.1576,-9.4332,-7.3092,-29.048,-2.7728,-7.3092,-29.048,-2.7728
1,-197.53,359.06,-370.84,-8.1576,-9.4332,5.7062,-29.048,-2.7728,15.741,-29.048,-2.7728,15.741
1,359.06,-370.84,244.56,-9.4332,5.7062,-4.3673,-2.7728,15.741,-15.562,-2.7728,15.741,-15.562
1,-370.84,244.56,1164.3,5.7062,-4.3673,-2.2495,15.741,-15.562,2.6912,15.741,-15.562,2.6912
1,244.56,1164.3,233.69,-4.3673,-2.2495,-1.2952,-15.562,2.6912,-1.8666,-15.562,2.6912,-1.8666
1,64.575,-89.329,-239.84,-13.434,-10.953,0.30859,-1.4456,0.3611,-2.2808,25.262,-8.2888,-5.5316
1,-89.329,-239.84,1619.3,-10.953,0.30859,12.06,0.3611,-2.2808,7.9862,-8.2888,-5.5316,-1.9569
1,-239.84,1619.3,226.65,0.30859,12.06,-32.838,-2.2808,7.9862,-10.063,-5.5316,-1.9569,-19.961
1,1619.3,226.65,-141.99,12.06,-32.838,8.4872,7.9862,-10.063,7.2222,-1.9569,-19.961,-0.018367
1,226.65,-141.99,-447.02,-32.838,8.4872,9.7019,-10.063,7.2222,-2.4159,-19.961,-0.018367,4.1835
1,-141.99,-447.02,-92.315,8.4872,9.7019,-11.769,7.2222,-2.4159,-6.6648,-0.018367,4.1835,-7.7609
1,-447.02,-92.315,728.04,9.7019,-11.769,-0.65485,-2.4159,-6.6648,2.7799,4.1835,-7.7609,-0.94913
1,-92.315,728.04,145.22,-11.769,-0.65485,-0.55731,-6.6648,2.7799,10.202,-7.7609,-0.94913,0.63163
1,-133.62,-64.434,-742.14,-16.526,-21.23,8.7368,-8.4745,-1.7801,-1.6615,6.724,5.1832,2.5142
1,-64.434,-742.14,1745.5,-21.23,8.7368,-21.81,-1.7801,-1.6615,4.5966,5.1832,2.5142,-6.2776
1,-742.14,1745.5,-421.9,8.7368,-21.81,-4.6835,-1.6615,4.5966,-4.9769,2.5142,-6.2776,-12.506
1,1745.5,-421.9,412.79,-21.81,-4.6835,11.012,4.5966,-4.9769,9.2663,-6.2776,-12.506,-4.6674
1,-421.9,412.79,-631.82,-4.6835,11.012,-18.758,-4.9769,9.2663,-10.133,-12.506,-4.6674,-12.731
1,412.79,-631.82,433.34,11.012,-18.758,-0.060606,9.2663,-10.133,-5.8221,-4.6674,-12.731,3.1858
1,-631.82,433.34,119.32,-18.758,-0.060606,0.049457,-10.133,-5.8221,-0.2549,-12.731,3.1858,-0.38614
1,433.34,119.32,195.1,-0.060606,0.049457,0.38408,-5.8221,-0.2549,5.251,3.1858,-0.38614,0.27388
1,-43.467,261.93,707.79,-1.9444,-0.070042,16.942,0.51082,-1.7759,7.5583,2.2871,-2.1945,13.566
1,261.93,707.79,447.31,-0.070042,16.942,-36.731,-1.7759,7.5583,-4.4801,-2.1945,13.566,-18.365
1,707.79,447.31,-333.37,16.942,-36.731,20.093,7.5583,-4.4801,6.2842,13.566,-18.365,4.3996
1,447.31,-333.37,380.56,-36.731,20.093,-16.333,-4.4801,6.2842,1.16,-18.365,4.3996,-4.8336
1,-333.37,380.56,97.632,20.093,-16.333,9.6303,6.2842,1.16,15.237,4.3996,-4.8336,-3.9563
1,380.56,97.632,-117.41,-16.333,9.6303,14.822,1.16,15.237,8.5593,-4.8336,-3.9563,-0.45134
1,97.632,-117.41,-102.81,9.6303,14.822,16.955,15.237,8.5593,-9.6784,-3.9563,-0.45134,0.49824
1,-117.41,-102.81,21.982,14.822,16.955,15.3,8.5593,-9.6784,-16.531,-0.45134,0.49824,-0.25462
1,99.432,57.86,81.711,-8.3952,-1.4909,2.6519,-12.113,-10.629,-4.9822,-24.734,-10.629,-4.9822
1,57.86,81.711,104.6,-1.4909,2.6519,12.058,-10.629,-4.9822,-7.0089,-10.629,-4.9822,-7.0089
1,81.711,104.6,-197.54,2.6519,12.058,-7.5936,-4.9822,-7.0089,-29.601,-4.9822,-7.0089,-29.601
1,104.6,-197.54,359.12,12.058,-7.5936,-9.6154,-7.0089,-29.601,-2.7942,-7.0089,-29.601,-2.7942
1,-197.54,359.12,-370.72,-7.5936,-9.6154,5.5439,-29.601,-2.7942,16.002,-29.601,-2.7942,16.002
1,359.12,-370.72,244.74,-9.6154,5.5439,-4.1918,-2.7942,16.002,-15.698,-2.7942,16.002,-15.698
1,-370.72,244.74,1164.4,5.5439,-4.1918,-2.4931,16.002,-15.698,2.8509,16.002,-15.698,2.8509
1,244.74,1164.4,233.75,-4.1918,-2.4931,-0.84371,-15.698,2.8509,-1.9567,-15.698,2.8509,-1.9567
1,64.275,-89.175,-240,-13.468,-11.142,0.23928,-1.3186,0.31507,-2.358,25.252,-8.7165,-5.2672
1,-89.175,-240,1619.3,-11.142,0.23928,12.244,0.31507,-2.358,8.1562,-8.7165,-5.2672,-1.756
1,-240,1619.3,226.94,0.23928,12.244,-32.749,-2.358,8.1562,-10.134,-5.2672,-1.756,-20.101
1,1619.3,226.94,-142.17,12.244,-32.749,8.2901,8.1562,-10.134,7.206,-1.756,-20.101,0.096494
1,226.94,-142.17,-447.48,-32.749,8.2901,9.8833,-10.134,7.206,-2.0305,-20.101,0.096494,3.939
1,-142.17,-447.48,-91.876,8.2901,9.8833,-12.198,7.206,-2.0305,-6.9125,0.096494,3.939,-7.4174
1,-447.48,-91.876,727.56,9.8833,-12.198,0.0174,-2.0305,-6.9125,2.4906,3.939,-7.4174,-1.0007
1,-91.876,727.56,145.37,-12.198,0.0174,-1.1957,-6.9125,2.4906,10.39,-7.4174,-1.0007,0.64292
3,-67.759,331.25,-500.29,-19.141,8.79,12.038,-14.506,15.507,-10.708,-11.156,5.3641,2.5847
3,331.25,-500.29,993.3,8.79,12.038,-6.7425,15.507,-10.708,12.402,5.3641,2.5847,-4.2174
3,-500.29,993.3,-758.88,12.038,-6.7425,5.5145,-10.708,12.402,12.722,2.5847,-4.2174,5.137
3,993.3,-758.88,-17.246,-6.7425,5.5145,1.4829,12.402,12.722,4.8733,-4.2174,5.137,-7.009
3,-758.88,-17.246,339.1,5.5145,1.4829,23.632,12.722,4.8733,6.2747,5.137,-7.009,4.2751
3,-17.246,339.1,-427.9,1.4829,23.632,11.363,4.8733,6.2747,-28.443,-7.009,4.2751,-1.7122
3,339.1,-427.9,163.08,23.632,11.363,-5.1661,6.2747,-28.443,-5.1661,4.2751,-1.7122,2.3299
3,-427.9,163.08,-201.84,11.363,-5.1661,-12.467,-28.443,-5.1661,-12.467,-1.7122,2.3299,8.5361
3,-116.68,157.13,177.05,12.061,-6.3847,24.146,42.143,-6.0557,-14.496,-6.0557,-14.496,21.144
3,157.13,177.05,283.17,-6.3847,24.146,-30.808,-6.0557,-14.496,21.144,-14.496,21.144,-19.779
3,177.05,283.17,-956.61,24.146,-30.808,-2.2288,-14.496,21.144,-19.779,21.144,-19.779,12.28
3,283.17,-956.61,680.43,-30.808,-2.2288,25.874,21.144,-19.779,12.28,-19.779,12.28,4.1007
3,-956.61,680.43,-92.751,-2.2288,25.874,-19.995,-19.779,12.28,4.1007,12.28,4.1007,-9.7619
3,680.43,-92.751,-33.087,25.874,-19.995,4.7361,12.28,4.1007,-9.7619,4.1007,-9.7619,25.785
3,-92.751,-33.087,-557.54,-19.995,4.7361,11.088,4.1007,-9.7619,25.785,-9.7619,25.785,-3.8196
3,-33.087,-557.54,643.31,4.7361,11.088,29.842,-9.7619,25.785,-3.8196,25.785,-3.8196,0.39676
3,287.88,-217.3,-271.34,-2.9192,-14.751,19.9,-4.9208,-1.5011,8.7089,-1.233,-8.4503,10.721
3,-217.3,-271.34,1373.5,-14.751,19.9,-1.728,-1.5011,8.7089,1.4953,-8.4503,10.721,-5.0597
3,-271.34,1373.5,-1332.4,19.9,-1.728,-6.3574,8.7089,1.4953,-4.3511,10.721,-5.0597,0.073288
3,1373.5,-1332.4,-89.115,-1.728,-6.3574,5.0928,1.4953,-4.3511,5.4777,-5.0597,0.073288,2.1885
3,-1332.4,-89.115,764.91,-6.3574,5.0928,-4.6729,-4.3511,5.4777,9.3985,0.073288,2.1885,-1.5238
3,-89.115,764.91,-19.338,5.0928,-4.6729,20.115,5.4777,9.3985,8.0591,2.1885,-1.5238,4.6126
3,764.91,-19.338,68.361,-4.6729,20.115,6.892,9.3985,8.0591,4.6324,-1.5238,4.6126,-4.9507
3,-19.338,68.361,-604.69,20.115,6.892,20.349,8.0591,4.6324,-4.7119,4.6126,-4.9507,8.0761
3,567,-1052,738.32,4.5302,12.298,-14.357,-0.52705,1.7373,7.3094,-0.14369,8.1814,8.6854
3,-1052,738.32,291.2,12.298,-14.357,-5.2124,1.7373,7.3094,9.7563,8.1814,8.6854,6.8565
3,738.32,291.2,-316.75,-14.357,-5.2124,-25.244,7.3094,9.7563,2.3963,8.6854,6.8565,-11.893
3,291.2,-316.75,-278.07,-5.2124,-25.244,-8.6887,9.7563,2.3963,1.9618,6.8565,-11.893,-7.255
3,-316.75,-278.07,16.285,-25.244,-8.6887,1.0678,2.3963,1.9618,-8.3298,-11.893,-7.255,-7.1413
3,-278.07,16.285,501.28,-8.6887,1.0678,14.227,1.9618,-8.3298,-1.6763,-7.255,-7.1413,6.186
3,16.285,501.28,-195.85,1.0678,14.227,-18.889,-8.3298,-1.6763,-13.472,-7.1413,6.186,-8.8795
3,501.28,-195.85,-450.32,14.227,-18.889,5.1052,-1.6763,-13.472,-4.3932,6.186,-8.8795,0.25638
3,-518.72,364.65,-392.22,-0.84564,18.499,25.877,-4.0875,-1.014,9.5807,10.214,5.7854,-30.032
3,364.65,-392.22,132.66,18.499,25.877,2.7935,-1.014,9.5807,-8.3921,5.7854,-30.032,2.7935
3,-392.22,132.66,130.93,25.877,2.7935,-15.239,9.5807,-8.3921,8.3012,-30.032,2.7935,-15.239
3,132.66,130.93,-84.725,2.7935,-15.239,-20.769,-8.3921,8.3012,9.2185,2.7935,-15.239,-20.769
3,130.93,-84.725,208.98,-15.239,-20.769,-11.206,8.3012,9.2185,8.5995,-15.239,-20.769,-11.206
3,-84.725,208.98,277.05,-20.769,-11.206,-4.9184,9.2185,8.5995,1.2554,-20.769,-11.206,-4.9184
3,208.98,277.05,-653.93,-11.206,-4.9184,4.3748,8.5995,1.2554,-10.382,-11.206,-4.9184,4.3748
3,277.05,-653.93,46.647,-4.9184,4.3748,-13.307,1.2554,-10.382,-5.9156,-4.9184,4.3748,-13.307
3,-116.63,156.97,176.95,11.587,-6.3403,24.135,41.493,-5.7544,-14.398,-5.7544,-14.398,21.154
3,156.97,176.95,283.24,-6.3403,24.135,-30.916,-5.7544,-14.398,21.154,-14.398,21.154,-20.163
3,176.95,283.24,-956.77,24.135,-30.916,-2.537,-14.398,21.154,-20.163,21.154,-20.163,12.876
3,283.24,-956.77,680.41,-30.916,-2.537,26.207,21.154,-20.163,12.876,-20.163,12.876,3.4644
3,-956.77,680.41,-92.562,-2.537,26.207,-19.967,-20.163,12.876,3.4644,12.876,3.4644,-9.2989
3,680.41,-92.562,-33.113,26.207,-19.967,5.0569,12.876,3.4644,-9.2989,3.4644,-9.2989,25.594
3,-92.562,-33.113,-557.34,-19.967,5.0569,10.732,3.4644,-9.2989,25.594,-9.2989,25.594,-3.774
3,-33.113,-557.34,643.25,5.0569,10.732,29.882,-9.2989,25.594,-3.774,25.594,-3.774,0.4791
3,-67.815,331.69,-500.89,-19.05,8.9663,12.205,-15.024,15.694,-10.631,-10.943,5.1755,2.6409
3,331.69,-500.89,993.07,8.9663,12.205,-6.8259,15.694,-10.631,12.53,5.1755,2.6409,-4.2097
3,-500.89,993.07,-758.54,12.205,-6.8259,5.4836,-10.631,12.53,12.793,2.6409,-4.2097,5.049
3,993.07,-758.54,-16.907,-6.8259,5.4836,1.585,12.53,12.793,4.7779,-4.2097,5.049,-6.9049
3,-758.54,-16.907,338.99,5.4836,1.585,23.471,12.793,4.7779,6.1662,5.049,-6.9049,3.8348
3,-16.907,338.99,-427.83,1.585,23.471,11.291,4.7779,6.1662,-28.415,-6.9049,3.8348,-1.1594
3,338.99,-427.83,162.75,23.471,11.291,-5.1561,6.1662,-28.415,-5.1561,3.8348,-1.1594,2.0354
3,-427.83,162.75,-201.67,11.291,-5.1561,-12.156,-28.415,-5.1561,-12.156,-1.1594,2.0354,8.6811
3,287.85,-217.35,-271.27,-2.8523,-14.479,19.734,-4.8026,-2.2253,9.0687,-1.268,-8.4887,10.749
3,-217.35,-271.27,1373.4,-14.479,19.734,-1.3118,-2.2253,9.0687,1.8836,-8.4887,10.749,-4.5603
3,-271.27,1373.4,-1332.4,19.734,-1.3118,-6.4879,9.0687,1.8836,-4.5769,10.749,-4.5603,-0.2392
3,1373.4,-1332.4,-89.009,-1.3118,-6.4879,4.9387,1.8836,-4.5769,4.9262,-4.5603,-0.2392,2.3423
3,-1332.4,-89.009,764.76,-6.4879,4.9387,-4.7996,-4.5769,4.9262,9.7019,-0.2392,2.3423,-1.5647
3,-89.009,764.76,-18.966,4.9387,-4.7996,20.239,4.9262,9.7019,8.3965,2.3423,-1.5647,4.6977
3,764.76,-18.966,68.451,-4.7996,20.239,6.7604,9.7019,8.3965,4.5735,-1.5647,4.6977,-5.2166
3,-18.966,68.451,-604.69,20.239,6.7604,20.849,8.3965,4.5735,-4.8168,4.6977,-5.2166,7.9399
3,567.36,-1052.2,738.15,4.2119,12.242,-14.04,-0.41692,2.0191,7.0989,-0.046775,7.9237,8.8857
3,-1052.2,738.15,291.23,12.242,-14.04,-5.3154,2.0191,7.0989,9.7215,7.9237,8.8857,6.943
3,738.15,291.23,-316.79,-14.04,-5.3154,-25.691,7.0989,9.7215,2.4812,8.8857,6.943,-11.95
3,291.23,-316.79,-277.94,-5.3154,-25.691,-8.5062,9.7215,2.4812,1.9595,6.943,-11.95,-7.1377
3,-316.79,-277.94,16.304,-25.691,-8.5062,1.5366,2.4812,1.9595,-8.5926,-11.95,-7.1377,-7.3944
3,-277.94,16.304,500.93,-8.5062,1.5366,14.01,1.9595,-8.5926,-1.5244,-7.1377,-7.3944,5.9598
3,16.304,500.93,-195.58,1.5366,14.01,-18.829,-8.5926,-1.5244,-13.367,-7.3944,5.9598,-8.5805
3,500.93,-195.58,-450.43,14.01,-18.829,5.1787,-1.5244,-13.367,-4.3556,5.9598,-8.5805,0.11528
3,-519.05,364.94,-392.15,-0.67094,18.175,25.944,-4.0199,-0.75221,9.3079,10.119,5.8249,-30.067
3,364.94,-392.15,132.39,18.175,25.944,2.852,-0.75221,9.3079,-8.47,5.8249,-30.067,2.852
3,-392.15,132.39,131.15,25.944,2.852,-15.21,9.3079,-8.47,8.5581,-30.067,2.852,-15.21
3,132.39,131.15,-84.759,2.852,-15.21,-20.788,-8.47,8.5581,9.1339,2.852,-15.21,-20.788
3,131.15,-84.759,208.63,-15.21,-20.788,-11.15,8.5581,9.1339,8.4718,-15.21,-20.788,-11.15
3,-84.759,208.63,277.37,-20.788,-11.15,-5.1341,9.1339,8.4718,1.1235,-20.788,-11.15,-5.1341
3,208.63,277.37,-654.06,-11.15,-5.1341,4.4834,8.4718,1.1235,-9.8559,-11.15,-5.1341,4.4834
3,277.37,-654.06,46.579,-5.1341,4.4834,-13.438,1.1235,-9.8559,-6.1244,-5.1341,4.4834,-13.438
4,-32.016,117.57,-50.579,15.785,15.882,-0.37755,0.1247,-0.28382,1.2885,0.83125,5.8792,7.1006
4,117.57,-50.579,36.7,15.882,-0.37755,-15.252,-0.28382,1.2885,7.5247,5.8792,7.1006,7.4113
4,-50.579,36.7,-60.866,-0.37755,-15.252,-16.171,1.2885,7.5247,8.0905,7.1006,7.4113,0.4534
4,36.7,-60.866,124.27,-15.252,-16.171,-13.866,7.5247,8.0905,8.2218,7.4113,0.4534,-7.4676
4,-60.866,124.27,-50.222,-16.171,-13.866,-3.8004,8.0905,8.2218,-1.9251,0.4534,-7.4676,-6.9063
4,124.27,-50.222,-21.966,-13.866,-3.8004,1.4805,8.2218,-1.9251,-8.4221,-7.4676,-6.9063,-6.2282
4,-50.222,-21.966,7.6869,-3.8004,1.4805,-0.50999,-1.9251,-8.4221,-8.1517,-6.9063,-6.2282,-1.1349
4,-21.966,7.6869,35.958,1.4805,-0.50999,0.71245,-8.4221,-8.1517,-6.1678,-6.2282,-1.1349,0.4088
4,-24.627,67.377,11.856,-12.963,-1.8052,0.10254,0.16873,-0.15978,-0.67935,9.307,-0.25553,-0.11793
4,67.377,11.856,-32.757,-1.8052,0.10254,0.34374,-0.15978,-0.67935,0.64282,-0.25553,-0.11793,-0.12748
4,11.856,-32.757,-35.694,0.10254,0.34374,0.81096,-0.67935,0.64282,-0.15803,-0.11793,-0.12748,0.244
4,-32.757,-35.694,87.765,0.34374,0.81096,-0.91427,0.64282,-0.15803,0.17226,-0.12748,0.244,0.072622
4,-35.694,87.765,-2.8467,0.81096,-0.91427,0.39856,-0.15803,0.17226,-0.3888,0.244,0.072622,-4.5491
4,87.765,-2.8467,-33.823,-0.91427,0.39856,0.21196,0.17226,-0.3888,1.7196,0.072622,-4.5491,2.0613
4,-2.8467,-33.823,-34.425,0.39856,0.21196,-0.26825,-0.3888,1.7196,9.5267,-4.5491,2.0613,5.32
4,-33.823,-34.425,67.052,0.21196,-0.26825,8.2164,1.7196,9.5267,9.8986,2.0613,5.32,4.3118
4,-16.284,66.355,-101.54,-16.03,-15.736,-12.706,-9.8837,-1.7479,-0.094357,8.1798,7.9614,8.4712
4,66.355,-101.54,-32.848,-15.736,-12.706,-1.9403,-1.7479,-0.094357,-0.38712,7.9614,8.4712,-4.8868
4,-101.54,-32.848,19.664,-12.706,-1.9403,-0.44823,-0.094357,-0.38712,0.42493,8.4712,-4.8868,-8.226
4,-32.848,19.664,77.984,-1.9403,-0.44823,-0.20444,-0.38712,0.42493,0.12063,-4.8868,-8.226,-7.8348
4,19.664,77.984,-79.044,-0.44823,-0.20444,0.083711,0.42493,0.12063,-0.38039,-8.226,-7.8348,-4.4201
4,77.984,-79.044,0.52682,-0.20444,0.083711,-0.91254,0.12063,-0.38039,-0.39372,-7.8348,-4.4201,-0.3614
4,-79.044,0.52682,103.82,0.083711,-0.91254,0.1974,-0.38039,-0.39372,0.21168,-4.4201,-0.3614,-0.65913
4,0.52682,103.82,23.031,-0.91254,0.1974,0.94135,-0.39372,0.21168,1.1564,-0.3614,-0.65913,0.85415
4,-64.539,-37.809,-16.829,-4.0169,-0.92399,-0.25787,-0.3896,0.52378,0.075445,-7.6564,-6.3885,-1.1552
4,-37.809,-16.829,122.86,-0.92399,-0.25787,-0.27783,0.52378,0.075445,-0.47057,-6.3885,-1.1552,0.041997
4,-16.829,122.86,-40.119,-0.25787,-0.27783,0.58741,0.075445,-0.47057,0.045122,-1.1552,0.041997,-0.20567
4,122.86,-40.119,-24.069,-0.27783,0.58741,0.43182,-0.47057,0.045122,0.079336,0.041997,-0.20567,0.75838
4,-40.119,-24.069,-43.235,0.58741,0.43182,-0.99462,0.045122,0.079336,0.30097,-0.20567,0.75838,-0.79822
4,-24.069,-43.235,122.41,0.43182,-0.99462,0.65036,0.079336,0.30097,7.4735,0.75838,-0.79822,-0.22833
4,-43.235,122.41,-105.59,-0.99462,0.65036,3.4804,0.30097,7.4735,10.662,-0.79822,-0.22833,0.40644
4,122.41,-105.59,43.208,0.65036,3.4804,14.948,7.4735,10.662,10.37,-0.22833,0.40644,-0.33103
4,49.913,-89.551,14.172,15.786,-13.909,-15.927,3.5815,8.2145,8.0887,7.0609,7.8761,6.5436
4,-89.551,14.172,96.045,-13.909,-15.927,-14.757,8.2145,8.0887,5.5539,7.8761,6.5436,3.2834
4,14.172,96.045,-1.1126,-15.927,-14.757,-9.013,8.0887,5.5539,-7.721,6.5436,3.2834,-8.1871
4,96.045,-1.1126,-105.87,-14.757,-9.013,-0.65231,5.5539,-7.721,-7.8687,3.2834,-8.1871,-7.721
4,-1.1126,-105.87,41.545,-9.013,-0.65231,0.48904,-7.721,-7.8687,-7.5393,-8.1871,-7.721,-7.8687
4,-105.87,41.545,27.551,-0.65231,0.48904,0.92076,-7.8687,-7.5393,-2.2046,-7.721,-7.8687,-7.5393
4,41.545,27.551,-40.469,0.48904,0.92076,-0.65872,-7.5393,-2.2046,0.19549,-7.8687,-7.5393,-2.2046
4,27.551,-40.469,-33.959,0.92076,-0.65872,-0.79463,-2.2046,0.19549,0.13089,-7.5393,-2.2046,0.19549
4,-24.626,67.251,12.175,-12.775,-1.6027,-0.18712,-0.12018,0.3037,-1.1222,9.396,-0.13569,-0.082018
4,67.251,12.175,-32.599,-1.6027,-0.18712,0.16152,0.3037,-1.1222,0.96125,-0.13569,-0.082018,-0.17619
4,12.175,-32.599,-35.878,-0.18712,0.16152,1.0111,-1.1222,0.96125,-0.36005,-0.082018,-0.17619,0.356
4,-32.599,-35.878,87.411,0.16152,1.0111,-1.0421,0.96125,-0.36005,0.019637,-0.17619,0.356,0.010726
4,-35.878,87.411,-2.4164,1.0111,-1.0421,0.38991,-0.36005,0.019637,-0.31547,0.356,0.010726,-4.7537
4,87.411,-2.4164,-34.216,-1.0421,0.38991,0.18448,0.019637,-0.31547,1.6961,0.010726,-4.7537,2.2451
4,-2.4164,-34.216,-34.366,0.38991,0.18448,-0.14803,-0.31547,1.6961,9.6345,-4.7537,2.2451,5.0172
4,-34.216,-34.366,67.098,0.18448,-0.14803,8.3121,1.6961,9.6345,9.7986,2.2451,5.0172,4.6776
4,-15.812,65.864,-101.43,-15.873,-16.191,-12.74,-10.2,-1.578,-0.13639,7.7169,8.1232,8.4731
4,65.864,-101.43,-32.727,-16.191,-12.74,-1.7744,-1.578,-0.13639,0.03746,8.1232,8.4731,-4.8613
4,-101.43,-32.727,19.539,-12.74,-1.7744,-0.52344,-0.13639,0.03746,0.19829,8.4731,-4.8613,-8.2254
4,-32.727,19.539,78.314,-1.7744,-0.52344,-0.16109,0.03746,0.19829,0.049557,-4.8613,-8.2254,-8.0725
4,19.539,78.314,-79.007,-0.52344,-0.16109,-0.16867,0.19829,0.049557,-0.29573,-8.2254,-8.0725,-4.2822
4,78.314,-79.007,0.22035,-0.16109,-0.16867,-0.78481,0.049557,-0.29573,-0.23248,-8.0725,-4.2822,-0.58094
4,-79.007,0.22035,103.98,-0.16867,-0.78481,0.42805,-0.29573,-0.23248,0.10119,-4.2822,-0.58094,-0.31402
4,0.22035,103.98,22.936,-0.78481,0.42805,0.97827,-0.23248,0.10119,1.1317,-0.58094,-0.31402,0.47509
4,50.022,-89.848,14.245,15.82,-13.835,-16.033,3.8344,7.9124,8.3513,6.9745,7.5907,6.7682
4,-89.848,14.245,95.653,-13.835,-16.033,-15.001,7.9124,8.3513,5.2703,7.5907,6.7682,3.4553
4,14.245,95.653,-0.59131,-16.033,-15.001,-8.8333,8.3513,5.2703,-7.6502,6.7682,3.4553,-8.262
4,95.653,-0.59131,-106.02,-15.001,-8.8333,-0.47914,5.2703,-7.6502,-8.2201,3.4553,-8.262,-7.6502
4,-0.59131,-106.02,41.715,-8.8333,-0.47914,0.28613,-7.6502,-8.2201,-7.307,-8.262,-7.6502,-8.2201
4,-106.02,41.715,27.58,-0.47914,0.28613,0.73082,-8.2201,-7.307,-2.3788,-7.6502,-8.2201,-7.307
4,41.715,27.58,-40.261,0.28613,0.73082,-0.33829,-7.307,-2.3788,0.23815,-8.2201,-7.307,-2.3788
4,27.58,-40.261,-34.396,0.73082,-0.33829,-0.6714,-2.3788,0.23815,-0.1524,-7.307,-2.3788,0.23815
5,82.81,-90.485,-0.12512,2.3257,13.724,13.842,9.663,9.3859,5.8764,0.39592,0.24704,0.18012
5,-90.485,-0.12512,100.84,13.724,13.842,13.05,9.3859,5.8764,-20.024,0.24704,0.18012,2.7198
5,-0.12512,100.84,42.064,13.842,13.05,-3.2434,5.8764,-20.024,-3.2434,0.18012,2.7198,5.3696
5,100.84,42.064,435.4,13.05,-3.2434,-18.843,-20.024,-3.2434,-18.843,2.7198,5.3696,-5.6528
5,42.064,435.4,573.42,-3.2434,-18.843,-51.369,-3.2434,-18.843,-51.369,5.3696,-5.6528,5.3305
5,435.4,573.42,774.72,-18.843,-51.369,-14.104,-18.843,-51.369,-14.104,-5.6528,5.3305,-10.936
5,573.42,774.72,-3.2447,-51.369,-14.104,-2.2883,-51.369,-14.104,-2.2883,5.3305,-10.936,-10.484
5,774.72,-3.2447,49.184,-14.104,-2.2883,-0.73247,-14.104,-2.2883,-0.73247,-10.936,-10.484,-9.7051
5,48.19,22.78,501.43,-9.8904,0.031997,3.125,-0.25986,-1.0801,-2.5759,-4.9079,-5.3966,-10.875
5,22.78,501.43,721.24,0.031997,3.125,-19.628,-1.0801,-2.5759,-3.8341,-5.3966,-10.875,-15.9
5,501.43,721.24,399.86,3.125,-19.628,-22.573,-2.5759,-3.8341,-7.1303,-10.875,-15.9,-10.405
5,721.24,399.86,-426.47,-19.628,-22.573,-11.99,-3.8341,-7.1303,-11.694,-15.9,-10.405,0.14337
5,399.86,-426.47,54.98,-22.573,-11.99,1.0738,-7.1303,-11.694,-0.96377,-10.405,0.14337,0.013609
5,-426.47,54.98,117.41,-11.99,1.0738,-1.4399,-11.694,-0.96377,1.4934,0.14337,0.013609,0.049598
5,54.98,117.41,-19.19,1.0738,-1.4399,0.45225,-0.96377,1.4934,11.136,0.013609,0.049598,0.093187
5,117.41,-19.19,0.17807,-1.4399,0.45225,9.7097,1.4934,11.136,13.403,0.049598,0.093187,0.63425
5,-123.23,15.671,-19.586,13.878,14.75,9.202,0.18033,0.44404,1.3472,9.8907,-2.3245,-12.377
5,15.671,-19.586,338.45,14.75,9.202,-10.056,0.44404,1.3472,7.7406,-2.3245,-12.377,-10.056
5,-19.586,338.45,1063.1,9.202,-10.056,-47.155,1.3472,7.7406,-9.4191,-12.377,-10.056,-47.155
5,338.45,1063.1,160.64,-10.056,-47.155,-33.351,7.7406,-9.4191,4.052,-10.056,-47.155,-33.351
5,1063.1,160.64,-344.39,-47.155,-33.351,-10.104,-9.4191,4.052,-3.8293,-47.155,-33.351,-10.104
5,160.64,-344.39,69.001,-33.351,-10.104,-1.5796,4.052,-3.8293,-11.755,-33.351,-10.104,-1.5796
5,-344.39,69.001,343.22,-10.104,-1.5796,2.3354,-3.8293,-11.755,-10.554,-10.104,-1.5796,2.3354
5,69.001,343.22,176.49,-1.5796,2.3354,1.8738,-11.755,-10.554,-6.8158,-1.5796,2.3354,1.8738
5,92.092,-59.021,39.673,8.4131,-12.49,-13.537,5.3732,6.8451,6.744,-9.1327,-8.9033,-4.8212
5,-59.021,39.673,88.276,-12.49,-13.537,-12.225,6.8451,6.744,2.1093,-8.9033,-4.8212,-2.7415
5,39.673,88.276,-207.06,-13.537,-12.225,8.6297,6.744,2.1093,-11.154,-4.8212,-2.7415,6.9504
5,88.276,-207.06,1431,-12.225,8.6297,-27.436,2.1093,-11.154,-24.954,-2.7415,6.9504,-5.6234
5,-207.06,1431,175.89,8.6297,-27.436,-36.275,-11.154,-24.954,-14.18,6.9504,-5.6234,-19.708
5,1431,175.89,583.54,-27.436,-36.275,-7.6745,-24.954,-14.18,-1.667,-5.6234,-19.708,1.9867
5,175.89,583.54,-8.188,-36.275,-7.6745,-0.10034,-14.18,-1.667,-0.2696,-19.708,1.9867,-0.9047
5,583.54,-8.188,-133.94,-7.6745,-0.10034,-0.15059,-1.667,-0.2696,1.2609,1.9867,-0.9047,0.55713
5,-117.58,49.06,-21.886,13.36,0.19137,-11.955,0.058368,0.96008,6.5577,5.6973,5.3547,6.2451
5,49.06,-21.886,70.727,0.19137,-11.955,-0.13603,0.96008,6.5577,9.7534,5.3547,6.2451,4.0859
5,-21.886,70.727,1446.1,-11.955,-0.13603,-45.158,6.5577,9.7534,-1.8234,6.2451,4.0859,-16.487
5,70.727,1446.1,99.54,-0.13603,-45.158,-25.412,9.7534,-1.8234,-12.656,4.0859,-16.487,-18.153
5,1446.1,99.54,-910.44,-45.158,-25.412,5.5782,-1.8234,-12.656,-6.7138,-16.487,-18.153,-3.193
5,99.54,-910.44,-179.12,-25.412,5.5782,-3.0013,-12.656,-6.7138,-11.105,-18.153,-3.193,-2.2584
5,-910.44,-179.12,8.4483,5.5782,-3.0013,-0.13208,-6.7138,-11.105,-6.8375,-3.193,-2.2584,0.018609
5,-179.12,8.4483,54.272,-3.0013,-0.13208,-1.8665,-11.105,-6.8375,-0.26734,-2.2584,0.018609,-1.0117
5,48.552,22.249,501.49,-10.128,0.19791,2.9988,-0.19144,-0.90869,-2.8171,-5.0319,-5.3542,-11.026
5,22.249,501.49,721.43,0.19791,2.9988,-19.642,-0.90869,-2.8171,-3.9119,-5.3542,-11.026,-15.929
5,501.49,721.43,399.92,2.9988,-19.642,-22.63,-2.8171,-3.9119,-7.0271,-11.026,-15.929,-10.077
5,721.43,399.92,-426.83,-19.642,-22.63,-11.73,-3.9119,-7.0271,-11.501,-15.929,-10.077,-0.021694
5,399.92,-426.83,55.151,-22.63,-11.73,0.96669,-7.0271,-11.501,-0.86367,-10.077,-0.021694,0.063771
5,-426.83,55.151,117.69,-11.73,0.96669,-1.5966,-11.501,-0.86367,1.2042,-0.021694,0.063771,-0.028005
5,55.151,117.69,-19.002,0.96669,-1.5966,0.64931,-0.86367,1.2042,11.224,0.063771,-0.028005,0.096554
5,117.69,-19.002,-0.37095,-1.5966,0.64931,9.834,1.2042,11.224,13.018,-0.028005,0.096554,0.61328
5,83.479,-90.935,-0.40024,1.972,13.842,13.837,9.5158,9.3303,5.8493,0.037844,0.35815,-0.048852
5,-90.935,-0.40024,101.03,13.842,13.837,13.082,9.3303,5.8493,-19.98,0.35815,-0.048852,3.1423
5,-0.40024,101.03,42.507,13.837,13.082,-3.3683,5.8493,-19.98,-3.3683,-0.048852,3.1423,5.2863
5,101.03,42.507,435.06,13.082,-3.3683,-18.816,-19.98,-3.3683,-18.816,3.1423,5.2863,-5.8626
5,42.507,435.06,573.51,-3.3683,-18.816,-51.096,-3.3683,-18.816,-51.096,5.2863,-5.8626,5.6238
5,435.06,573.51,774.93,-18.816,-51.096,-14.195,-18.816,-51.096,-14.195,-5.8626,5.6238,-11.094
5,573.51,774.93,-3.6912,-51.096,-14.195,-1.9837,-51.096,-14.195,-1.9837,5.6238,-11.094,-10.212
5,774.93,-3.6912,49.248,-14.195,-1.9837,-1.0264,-14.195,-1.9837,-1.0264,-11.094,-10.212,-10.032
5,-123.37,15.807,-19.826,14.015,14.428,9.3173,-0.39378,0.77566,0.91117,9.5203,-2.3624,-12.325
5,15.807,-19.826,338.76,14.428,9.3173,-10.083,0.77566,0.91117,8.0522,-2.3624,-12.325,-10.083
5,-19.826,338.76,1062.6,9.3173,-10.083,-47.387,0.91117,8.0522,-9.3475,-12.325,-10.083,-47.387
5,338.76,1062.6,161.08,-10.083,-47.387,-33.112,8.0522,-9.3475,4.0564,-10.083,-47.387,-33.112
5,1062.6,161.08,-344.15,-47.387,-33.112,-9.9092,-9.3475,4.0564,-3.7986,-47.387,-33.112,-9.9092
5,161.08,-344.15,68.987,-33.112,-9.9092,-1.5909,4.0564,-3.7986,-11.727,-33.112,-9.9092,-1.5909
5,-344.15,68.987,342.92,-9.9092,-1.5909,2.5737,-3.7986,-11.727,-10.63,-9.9092,-1.5909,2.5737
5,68.987,342.92,176.5,-1.5909,2.5737,1.5578,-11.727,-10.63,-6.797,-1.5909,2.5737,1.5578
5,-117.84,49.574,-21.875,12.899,0.26414,-11.843,-0.065626,1.4769,6.03,5.902,5.2216,6.5333
5,49.574,-21.875,70.53,0.26414,-11.843,-0.014637,1.4769,6.03,9.8774,5.2216,6.5333,4.0122
5,-21.875,70.53,1445.7,-11.843,-0.014637,-45.253,6.03,9.8774,-1.6639,6.5333,4.0122,-16.586
5,70.53,1445.7,99.78,-0.014637,-45.253,-25.203,9.8774,-1.6639,-12.809,4.0122,-16.586,-18.238
5,1445.7,99.78,-910.05,-45.253,-25.203,5.5468,-1.6639,-12.809,-6.4163,-16.586,-18.238,-3.0102
5,99.78,-910.05,-179.11,-25.203,5.5468,-3.2194,-12.809,-6.4163,-11.323,-18.238,-3.0102,-2.2662
5,-910.05,-179.11,8.3592,5.5468,-3.2194,0.039295,-6.4163,-11.323,-6.6827,-3.0102,-2.2662,-0.15299
5,-179.11,8.3592,53.737,-3.2194,0.039295,-1.9958,-11.323,-6.6827,-0.80145,-2.2662,-0.15299,-1.135
6,-74.007,8.7315,7.8386,-14.755,-9.4764,0.25474,-0.83905,-0.0055041,0.10252,7.4849,7.4765,-7.1542
6,8.7315,7.8386,-1.7205,-9.4764,0.25474,-0.05236,-0.0055041,0.10252,0.2674,7.4765,-7.1542,-7.2568
6,7.8386,-1.7205,-60.022,0.25474,-0.05236,0.41267,0.10252,0.2674,-0.14041,-7.1542,-7.2568,-7.3384
6,-1.7205,-60.022,-6.9811,-0.05236,0.41267,-0.92661,0.2674,-0.14041,0.48072,-7.2568,-7.3384,-2.1566
6,-60.022,-6.9811,5.3162,0.41267,-0.92661,1.0207,-0.14041,0.48072,-0.24498,-7.3384,-2.1566,-0.69147
6,-6.9811,5.3162,74.488,-0.92661,1.0207,-0.31128,0.48072,-0.24498,-0.45957,-2.1566,-0.69147,-0.015746
6,5.3162,74.488,-26.207,1.0207,-0.31128,0.43686,-0.24498,-0.45957,1.9579,-0.69147,-0.015746,-0.097623
6,74.488,-26.207,3.6288,-0.31128,0.43686,-0.19785,-0.45957,1.9579,8.3092,-0.015746,-0.097623,0.44698
6,-45.962,87.036,-47.538,14.869,14.341,-0.3636,-0.26335,-0.0015323,1.3137,6.1381,-9.2379,-9.8992
6,87.036,-47.538,28.654,14.341,-0.3636,-13.922,-0.0015323,1.3137,6.614,-9.2379,-9.8992,-8.9619
6,-47.538,28.654,-46.485,-0.3636,-13.922,-13.614,1.3137,6.614,7.1277,-9.8992,-8.9619,-2.173
6,28.654,-46.485,108.44,-13.922,-13.614,-11.793,6.614,7.1277,7.1755,-8.9619,-2.173,-0.36749
6,-46.485,108.44,-35.695,-13.614,-11.793,-2.3935,7.1277,7.1755,-3.0756,-2.173,-0.36749,-0.044457
6,108.44,-35.695,-17.089,-11.793,-2.3935,-0.21537,7.1755,-3.0756,-7.1394,-0.36749,-0.044457,-0.079437
6,-35.695,-17.089,21.139,-2.3935,-0.21537,0.0004234,-3.0756,-7.1394,-7.442,-0.044457,-0.079437,0.28374
6,-17.089,21.139,44.531,-0.21537,0.0004234,0.63201,-7.1394,-7.442,-4.4356,-0.079437,0.28374,-0.32472
6,75.284,-60.472,9.2268,-0.59546,-0.13026,0.80235,-0.78542,0.75356,-0.043186,-0.03863,-0.039073,-0.13966
6,-60.472,9.2268,18.274,-0.13026,0.80235,-1.2695,0.75356,-0.043186,0.13972,-0.039073,-0.13966,-0.0063913
6,9.2268,18.274,12.086,0.80235,-1.2695,0.19589,-0.043186,0.13972,6.4186,-0.13966,-0.0063913,-0.10111
6,18.274,12.086,-106.06,-1.2695,0.19589,3.081,0.13972,6.4186,10.103,-0.0063913,-0.10111,-0.022057
6,12.086,-106.06,25.371,0.19589,3.081,13.954,6.4186,10.103,9.2492,-0.10111,-0.022057,-0.13087
6,-106.06,25.371,33.584,3.081,13.954,13.758,10.103,9.2492,5.4779,-0.022057,-0.13087,0.019375
6,25.371,33.584,-31.048,13.954,13.758,14.379,9.2492,5.4779,-22.142,-0.13087,0.019375,2.0034
6,33.584,-31.048,-51.333,13.758,14.379,-5.6252,5.4779,-22.142,-5.6252,0.019375,2.0034,7.1769
6,37.26,7.6278,82.464,14.941,-2.6827,-14.469,0.0075808,1.9133,7.3311,6.3257,6.9528,6.1031
6,7.6278,82.464,-19.898,-2.6827,-14.469,-12.856,1.9133,7.3311,7.2603,6.9528,6.1031,-1.5957
6,82.464,-19.898,-13.175,-14.469,-12.856,-11.605,7.3311,7.2603,6.642,6.1031,-1.5957,-6.1339
6,-19.898,-13.175,14.837,-12.856,-11.605,-1.5967,7.2603,6.642,-4.1331,-1.5957,-6.1339,-7.0103
6,-13.175,14.837,9.5018,-11.605,-1.5967,-0.051856,6.642,-4.1331,-7.1567,-6.1339,-7.0103,-4.7535
6,14.837,9.5018,-106.73,-1.5967,-0.051856,0.10456,-4.1331,-7.1567,-7.0986,-7.0103,-4.7535,0.25906
6,9.5018,-106.73,-16.626,-0.051856,0.10456,0.0012299,-7.1567,-7.0986,-4.1385,-4.7535,0.25906,0.10238
6,-106.73,-16.626,53.901,0.10456,0.0012299,-1.5472,-7.0986,-4.1385,-0.41956,0.25906,0.10238,-1.0036
6,139.37,-93.736,10.48,13.53,13.623,12.431,-0.31549,0.079276,4.1315,9.3825,-4.9283,-12.584
6,-93.736,10.48,28.499,13.623,12.431,-13.899,0.079276,4.1315,7.1722,-4.9283,-12.584,-13.899
6,10.48,28.499,21.084,12.431,-13.899,-14.215,4.1315,7.1722,7.2992,-12.584,-13.899,-14.215
6,28.499,21.084,-84.389,-13.899,-14.215,-12.869,7.1722,7.2992,4.3572,-13.899,-14.215,-12.869
6,21.084,-84.389,28.191,-14.215,-12.869,-8.2433,7.2992,4.3572,-7.0455,-14.215,-12.869,-8.2433
6,-84.389,28.191,9.7559,-12.869,-8.2433,-0.29668,4.3572,-7.0455,-7.1275,-12.869,-8.2433,-0.29668
6,28.191,9.7559,12.823,-8.2433,-0.29668,0.88343,-7.0455,-7.1275,-6.3133,-8.2433,-0.29668,0.88343
6,9.7559,12.823,-51.738,-0.29668,0.88343,-0.72907,-7.1275,-6.3133,-2.1048,-0.29668,0.88343,-0.72907
6,-45.849,87.091,-47.416,14.892,14.422,-0.47971,-0.22414,0.078389,0.92443,6.0635,-9.1319,-10.211
6,87.091,-47.416,28.25,14.422,-0.47971,-13.665,0.078389,0.92443,6.7861,-9.1319,-10.211,-8.6991
6,-47.416,28.25,-46.415,-0.47971,-13.665,-14.01,0.92443,6.7861,6.9576,-10.211,-8.6991,-2.1095
6,28.25,-46.415,108.73,-13.665,-14.01,-11.6,6.7861,6.9576,7.3047,-8.6991,-2.1095,-0.38767
6,-46.415,108.73,-35.904,-14.01,-11.6,-2.4804,6.9576,7.3047,-3.0035,-2.1095,-0.38767,-0.45719
6,108.73,-35.904,-16.889,-11.6,-2.4804,-0.22615,7.3047,-3.0035,-7.1983,-0.38767,-0.45719,0.19833
6,-35.904,-16.889,21.061,-2.4804,-0.22615,0.13611,-3.0035,-7.1983,-7.4919,-0.45719,0.19833,0.52078
6,-16.889,21.061,44.508,-0.22615,0.13611,0.65701,-7.1983,-7.4919,-4.4405,0.19833,0.52078,-0.40577
6,-74.266,8.489,8.2311,-14.813,-9.2517,0.094458,-0.33118,-0.3586,0.05857,7.3866,7.3723,-6.9573
6,8.489,8.2311,-1.5026,-9.2517,0.094458,-0.13162,-0.3586,0.05857,0.60285,7.3723,-6.9573,-7.3866
6,8.2311,-1.5026,-60.248,0.094458,-0.13162,0.46777,0.05857,0.60285,-0.39862,-6.9573,-7.3866,-6.8667
6,-1.5026,-60.248,-7.1016,-0.13162,0.46777,-0.61171,0.60285,-0.39862,0.45501,-7.3866,-6.8667,-2.7054
6,-60.248,-7.1016,5.2876,0.46777,-0.61171,0.75649,-0.39862,0.45501,-0.040323,-6.8667,-2.7054,-0.23027
6,-7.1016,5.2876,74.66,-0.61171,0.75649,-0.4263,0.45501,-0.040323,-0.76596,-2.7054,-0.23027,-0.30317
6,5.2876,74.66,-25.995,0.75649,-0.4263,0.60158,-0.040323,-0.76596,1.835,-0.23027,-0.30317,0.20196
6,74.66,-25.995,3.3309,-0.4263,0.60158,-0.65602,-0.76596,1.835,8.9696,-0.30317,0.20196,0.12982
6,75.694,-60.831,9.1444,-0.79633,0.42896,0.52358,-0.68405,0.51281,0.035323,-0.38297,0.13311,-0.1242
6,-60.831,9.1444,18.384,0.42896,0.52358,-0.91728,0.51281,0.035323,-0.12914,0.13311,-0.1242,0.0081856
6,9.1444,18.384,11.988,0.52358,-0.91728,0.13649,0.035323,-0.12914,6.7231,-0.1242,0.0081856,-0.3713
6,18.384,11.988,-106.11,-0.91728,0.13649,3.2532,-0.12914,6.7231,9.9969,0.0081856,-0.3713,0.2422
6,11.988,-106.11,25.776,0.13649,3.2532,13.425,6.7231,9.9969,9.2744,-0.3713,0.2422,-0.10851
6,-106.11,25.776,33.401,3.2532,13.425,13.745,9.9969,9.2744,5.6645,0.2422,-0.10851,-0.15299
6,25.776,33.401,-31.222,13.425,13.745,14.679,9.2744,5.6645,-22.066,-0.10851,-0.15299,2.0709
6,33.401,-31.222,-51.244,13.745,14.679,-5.6827,5.6645,-22.066,-5.6827,-0.15299,2.0709,7.3319
6,37.09,7.4206,82.529,14.871,-2.6842,-14.447,-0.15918,1.731,7.6066,5.8806,7.1442,6.1775
6,7.4206,82.529,-19.828,-2.6842,-14.447,-12.914,1.731,7.6066,7.3513,7.1442,6.1775,-1.7742
6,82.529,-19.828,-12.982,-14.447,-12.914,-11.321,7.6066,7.3513,6.5719,6.1775,-1.7742,-6.3785
6,-19.828,-12.982,14.513,-12.914,-11.321,-1.2823,7.3513,6.5719,-4.3723,-1.7742,-6.3785,-6.4904
6,-12.982,14.513,9.4039,-11.321,-1.2823,-0.71538,6.5719,-4.3723,-7.1384,-6.3785,-6.4904,-4.4621
6,14.513,9.4039,-106.41,-1.2823,-0.71538,0.34511,-4.3723,-7.1384,-7.4245,-6.4904,-4.4621,-0.090224
6,9.4039,-106.41,-16.423,-0.71538,0.34511,0.07859,-7.1384,-7.4245,-3.779,-4.4621,-0.090224,0.087784
6,-106.41,-16.423,53.467,0.34511,0.07859,-1.4361,-7.4245,-3.779,-0.38537,-0.090224,0.087784,-0.74395
7,-65.878,-1.3915,64.448,14.48,14.418,12.31,10.656,-1.3875,-13.8,0.33805,0.1422,-0.33924
7,-1.3915,64.448,-102.85,14.418,12.31,-15.053,-1.3875,-13.8,-15.053,0.1422,-0.33924,4.7592
7,64.448,-102.85,-16.533,12.31,-15.053,-14.865,-13.8,-15.053,-14.865,-0.33924,4.7592,7.5036
7,-102.85,-16.533,-31.517,-15.053,-14.865,-13.813,-15.053,-14.865,-13.813,4.7592,7.5036,7.4612
7,-16.533,-31.517,63.636,-14.865,-13.813,-6.3102,-14.865,-13.813,-6.3102,7.5036,7.4612,2.4646
7,-31.517,63.636,-60.943,-13.813,-6.3102,1.1208,-13.813,-6.3102,1.1208,7.4612,2.4646,-8.1188
7,63.636,-60.943,-18.595,-6.3102,1.1208,-0.73792,-6.3102,1.1208,-0.73792,2.4646,-8.1188,-7.2783
7,-60.943,-18.595,-92.063,1.1208,-0.73792,-0.88796,1.1208,-0.73792,-0.88796,-8.1188,-7.2783,-5.99
7,68.839,-81.299,-27.091,-0.24744,-0.2216,-0.08853,-0.068973,0.37043,-0.3916,-0.29563,0.054618,-0.40152
7,-81.299,-27.091,-15.017,-0.2216,-0.08853,-0.21831,0.37043,-0.3916,2.5771,0.054618,-0.40152,0.52672
7,-27.091,-15.017,19.994,-0.08853,-0.21831,0.4163,-0.3916,2.5771,10.217,-0.40152,0.52672,-0.5018
7,-15.017,19.994,-115.22,-0.21831,0.4163,9.1924,2.5771,10.217,9.9682,0.52672,-0.5018,0.34045
7,19.994,-115.22,0.84647,0.4163,9.1924,14.453,10.217,9.9682,10.487,-0.5018,0.34045,-0.77598
7,-115.22,0.84647,13.835,9.1924,14.453,13.884,9.9682,10.487,-2.9079,0.34045,-0.77598,0.38848
7,0.84647,13.835,-51.375,14.453,13.884,7.6277,10.487,-2.9079,-14.861,-0.77598,0.38848,5.7053
7,13.835,-51.375,-104.24,13.884,7.6277,-14.217,-2.9079,-14.861,-14.217,0.38848,5.7053,7.0301
7,-23.004,-7.1772,6.91,-14.064,-5.2069,0.44217,-0.11609,0.70453,-0.32856,8.2603,2.5005,-7.617
7,-7.1772,6.91,120.69,-5.2069,0.44217,0.67647,0.70453,-0.32856,-0.63112,2.5005,-7.617,-7.1628
7,6.91,120.69,-46.784,0.44217,0.67647,-1.1311,-0.32856,-0.63112,-0.34045,-7.617,-7.1628,-6.5058
7,120.69,-46.784,-25.104,0.67647,-1.1311,0.066433,-0.63112,-0.34045,0.76967,-7.1628,-6.5058,-0.81352
7,-46.784,-25.104,-35.573,-1.1311,0.066433,0.64578,-0.34045,0.76967,-0.76967,-6.5058,-0.81352,0.39152
7,-25.104,-35.573,94.677,0.066433,0.64578,0.16773,0.76967,-0.76967,0.55267,-0.81352,0.39152,0.11351
7,-35.573,94.677,-60.863,0.64578,0.16773,0.41975,-0.76967,0.55267,6.7239,0.39152,0.11351,0.51102
7,94.677,-60.863,75.681,0.16773,0.41975,2.0018,0.55267,6.7239,9.6224,0.11351,0.51102,-0.28365
7,15.437,-41.182,78.185,14.782,4.7106,-13.927,-0.25152,1.0897,6.5062,5.0131,6.6256,6.9901
7,-41.182,78.185,-33.326,4.7106,-13.927,-15.875,1.0897,6.5062,7.1223,6.6256,6.9901,1.0904
7,78.185,-33.326,-4.3236,-13.927,-15.875,-12.757,6.5062,7.1223,7.8422,6.9901,1.0904,-7.205
7,-33.326,-4.3236,46.734,-15.875,-12.757,-2.9409,7.1223,7.8422,-2.6993,1.0904,-7.205,-6.6063
7,-4.3236,46.734,38,-12.757,-2.9409,0.37896,7.8422,-2.6993,-7.1566,-7.205,-6.6063,-5.0554
7,46.734,38,-93.115,-2.9409,0.37896,-0.56929,-2.6993,-7.1566,-7.6312,-6.6063,-5.0554,-0.6658
7,38,-93.115,8.2098,0.37896,-0.56929,0.93258,-7.1566,-7.6312,-4.6632,-5.0554,-0.6658,-0.18976
7,-93.115,8.2098,50.214,-0.56929,0.93258,-0.5012,-7.6312,-4.6632,0.35874,-0.6658,-0.18976,0.017904
7,-39.274,165.51,-76.319,13.934,14.716,7.632,10.757,-2.6985,-14.176,0.34618,0.069739,0.42051
7,165.51,-76.319,-5.6302,14.716,7.632,-13.99,-2.6985,-14.176,-13.99,0.069739,0.42051,5.2053
7,-76.319,-5.6302,-10.75,7.632,-13.99,-13.743,-14.176,-13.99,-13.743,0.42051,5.2053,7.458
7,-5.6302,-10.75,133.07,-13.99,-13.743,-14.014,-13.99,-13.743,-14.014,5.2053,7.458,7.8226
7,-10.75,133.07,-52.732,-13.743,-14.014,-3.9126,-13.743,-14.014,-3.9126,7.458,7.8226,-0.38106
7,133.07,-52.732,20.394,-14.014,-3.9126,0.718,-14.014,-3.9126,0.718,7.8226,-0.38106,-7.314
7,-52.732,20.394,55.473,-3.9126,0.718,-0.60759,-3.9126,0.718,-0.60759,-0.38106,-7.314,-7.3779
7,20.394,55.473,55.635,0.718,-0.60759,0.33182,0.718,-0.60759,0.33182,-7.314,-7.3779,-5.8985
7,69.373,-81.413,-27.359,-0.22704,-0.17843,-0.098208,0.24188,0.19769,-0.23535,-0.33307,-0.096837,-0.1473
7,-81.413,-27.359,-15.129,-0.17843,-0.098208,0.062663,0.19769,-0.23535,2.6362,-0.096837,-0.1473,0.35039
7,-27.359,-15.129,20.631,-0.098208,0.062663,0.10712,-0.23535,2.6362,9.9757,-0.1473,0.35039,-0.23704
7,-15.129,20.631,-115.39,0.062663,0.10712,9.3188,2.6362,9.9757,9.924,0.35039,-0.23704,0.051735
7,20.631,-115.39,0.60094,0.10712,9.3188,14.365,9.9757,9.924,10.734,-0.23704,0.051735,-0.67007
7,-115.39,0.60094,14.105,9.3188,14.365,13.815,9.924,10.734,-3.0304,0.051735,-0.67007,-0.15506
7,0.60094,14.105,-51.541,14.365,13.815,7.7714,10.734,-3.0304,-14.712,-0.67007,-0.15506,6.2192
7,14.105,-51.541,-104.17,13.815,7.7714,-14.666,-3.0304,-14.712,-14.666,-0.15506,6.2192,7.0118
7,-22.759,-7.1113,6.5804,-13.643,-5.2191,0.31819,-0.16565,0.79094,-0.24331,7.7275,2.5285,-7.6259
7,-7.1113,6.5804,121.11,-5.2191,0.31819,0.87808,0.79094,-0.24331,-0.73485,2.5285,-7.6259,-7.3672
7,6.5804,121.11,-46.62,0.31819,0.87808,-1.2043,-0.24331,-0.73485,-0.30835,-7.6259,-7.3672,-6.4185
7,121.11,-46.62,-24.873,0.87808,-1.2043,0.099377,-0.73485,-0.30835,0.79076,-7.3672,-6.4185,-0.6806
7,-46.62,-24.873,-36.228,-1.2043,0.099377,0.40448,-0.30835,0.79076,-0.4541,-6.4185,-0.6806,0.40501
7,-24.873,-36.228,95.137,0.099377,0.40448,0.42523,0.79076,-0.4541,-0.0097179,-0.6806,0.40501,0.022742
7,-36.228,95.137,-61.31,0.40448,0.42523,0.28698,-0.4541,-0.0097179,6.8975,0.40501,0.022742,0.6556
7,95.137,-61.31,75.828,0.42523,0.28698,1.9551,-0.0097179,6.8975,9.7591,0.022742,0.6556,-0.12551
7,15.657,-41.349,78.538,14.494,4.8071,-13.938,-0.49338,1.0695,6.5248,5.0153,6.7298,7.3855
7,-41.349,78.538,-33.943,4.8071,-13.938,-15.855,1.0695,6.5248,7.1463,6.7298,7.3855,0.88663
7,78.538,-33.943,-3.9441,-13.938,-15.855,-12.896,6.5248,7.1463,7.6201,7.3855,0.88663,-7.0158
7,-33.943,-3.9441,46.569,-15.855,-12.896,-2.8907,7.1463,7.6201,-2.4429,0.88663,-7.0158,-6.9019
7,-3.9441,46.569,37.914,-12.896,-2.8907,0.37821,7.6201,-2.4429,-7.0732,-7.0158,-6.9019,-5.0828
7,46.569,37.914,-92.679,-2.8907,0.37821,-0.67604,-2.4429,-7.0732,-7.8077,-6.9019,-5.0828,-0.46527
7,37.914,-92.679,8.1866,0.37821,-0.67604,1.0239,-7.0732,-7.8077,-4.8239,-5.0828,-0.46527,-0.25509
7,-92.679,8.1866,49.923,-0.67604,1.0239,-0.86044,-7.8077,-4.8239,0.59703,-0.46527,-0.25509,0.14095
7,-39.129,165.18,-76.176,14.094,14.515,7.6356,10.75,-2.5011,-14.338,-0.17746,0.29767,0.52703
7,165.18,-76.176,-5.67,14.515,7.6356,-13.8,-2.5011,-14.338,-13.8,0.29767,0.52703,5.0166
7,-76.176,-5.67,-10.573,7.6356,-13.8,-13.932,-14.338,-13.8,-13.932,0.52703,5.0166,7.9118
7,-5.67,-10.573,133.11,-13.8,-13.932,-13.957,-13.8,-13.932,-13.957,5.0166,7.9118,7.6988
7,-10.573,133.11,-52.948,-13.932,-13.957,-4.1057,-13.932,-13.957,-4.1057,7.9118,7.6988,-0.51854
7,133.11,-52.948,20.549,-13.957,-4.1057,0.76957,-13.957,-4.1057,0.76957,7.6988,-0.51854,-7.4309
7,-52.948,20.549,55.582,-4.1057,0.76957,-0.086373,-4.1057,0.76957,-0.086373,-0.51854,-7.4309,-7.1021
7,20.549,55.582,55.488,0.76957,-0.086373,-0.13641,0.76957,-0.086373,-0.13641,-7.4309,-7.1021,-5.9308
9,441.31,439.32,-1871.2,-17.06,-10.687,-29.33,-17.344,-10.687,-29.33,-9.3294,-6.2151,8.5747
9,439.32,-1871.2,82.117,-10.687,-29.33,8.1406,-10.687,-29.33,8.1406,-6.2151,8.5747,-6.0914
9,-1871.2,82.117,897.51,-29.33,8.1406,-13.596,-29.33,8.1406,-13.596,8.5747,-6.0914,0.86736
9,82.117,897.51,-12.104,8.1406,-13.596,20.381,8.1406,-13.596,20.381,-6.0914,0.86736,-6.0619
9,897.51,-12.104,495.11,-13.596,20.381,-15.827,-13.596,20.381,-15.827,0.86736,-6.0619,11.49
9,-12.104,495.11,-841.43,20.381,-15.827,12.512,20.381,-15.827,12.512,-6.0619,11.49,-4.2787
9,495.11,-841.43,-637.48,-15.827,12.512,-11.937,-15.827,12.512,-11.937,11.49,-4.2787,1.4572
9,-841.43,-637.48,405.3,12.512,-11.937,11.639,12.512,-11.937,11.639,-4.2787,1.4572,-4.9288
9,432.84,501.68,-76.642,2.2076,25.231,-9.9803,-1.6804,11.916,8.5762,9.8801,9.5422,7.7633
9,501.68,-76.642,-1132.5,25.231,-9.9803,-9.3625,11.916,8.5762,-1.9103,9.5422,7.7633,-1.4049
9,-76.642,-1132.5,1218,-9.9803,-9.3625,-33.717,8.5762,-1.9103,8.7247,7.7633,-1.4049,-8.7467
9,-1132.5,1218,-321.25,-9.3625,-33.717,-3.0035,-1.9103,8.7247,2.4765,-1.4049,-8.7467,2.4765
9,1218,-321.25,-565.98,-33.717,-3.0035,17.315,8.7247,2.4765,-7.7713,-8.7467,2.4765,-7.7713
9,-321.25,-565.98,40.657,-3.0035,17.315,-31.585,2.4765,-7.7713,-13.722,2.4765,-7.7713,-13.722
9,-565.98,40.657,-12.576,17.315,-31.585,10.945,-7.7713,-13.722,-6.2708,-7.7713,-13.722,-6.2708
9,40.657,-12.576,669.56,-31.585,10.945,15.276,-13.722,-6.2708,7.6143,-13.722,-6.2708,7.6143
9,866.81,-657.52,697.81,-9.9967,-9.8162,-20.616,6.4017,3.0484,11.241,-15.388,-9.8162,-20.616
9,-657.52,697.81,-817.56,-9.8162,-20.616,-3.4248,3.0484,11.241,6.4072,-9.8162,-20.616,-3.4248
9,697.81,-817.56,-454.58,-20.616,-3.4248,2.6738,11.241,6.4072,-4.1499,-20.616,-3.4248,2.6738
9,-817.56,-454.58,157.84,-3.4248,2.6738,-8.7972,6.4072,-4.1499,-14.209,-3.4248,2.6738,-8.7972
9,-454.58,157.84,655.44,2.6738,-8.7972,-5.3152,-4.1499,-14.209,-7.3054,2.6738,-8.7972,-5.3152
9,157.84,655.44,244.88,-8.7972,-5.3152,11.665,-14.209,-7.3054,3.5209,-8.7972,-5.3152,11.665
9,655.44,244.88,-820.98,-5.3152,11.665,-10.473,-7.3054,3.5209,-5.0754,-5.3152,11.665,-10.473
9,244.88,-820.98,-98.094,11.665,-10.473,11.096,3.5209,-5.0754,5.1724,11.665,-10.473,11.096
9,126.63,-317.37,-582.51,2.8527,21.388,3.2921,1.5592,-2.7912,-1.6633,-2.0846,5.3745,4.9001
9,-317.37,-582.51,46.175,21.388,3.2921,-12.724,-2.7912,-1.6633,9.2641,5.3745,4.9001,8.412
9,-582.51,46.175,1014.9,3.2921,-12.724,-22.653,-1.6633,9.2641,-1.0854,4.9001,8.412,-4.1256
9,46.175,1014.9,-186.68,-12.724,-22.653,-11.043,9.2641,-1.0854,13.699,8.412,-4.1256,-2.8726
9,1014.9,-186.68,-47.511,-22.653,-11.043,7.0357,-1.0854,13.699,0.59356,-4.1256,-2.8726,-2.884
9,-186.68,-47.511,-840.54,-11.043,7.0357,-2.4503,13.699,0.59356,-7.2068,-2.8726,-2.884,-6.8832
9,-47.511,-840.54,54.119,7.0357,-2.4503,-17.433,0.59356,-7.2068,-17.818,-2.884,-6.8832,-11.101
9,-840.54,54.119,454.63,-2.4503,-17.433,0.10204,-7.2068,-17.818,-1.1872,-6.8832,-11.101,1.7464
9,-196.77,922.01,-263.87,0.74467,-4.413,-6.7797,-9.327,-1.0828,5.3065,23.969,-18.371,1.6589
9,922.01,-263.87,-217.07,-4.413,-6.7797,-18.327,-1.0828,5.3065,-6.5064,-18.371,1.6589,6.4635
9,-263.87,-217.07,574.49,-6.7797,-18.327,21.873,5.3065,-6.5064,-1.6439,1.6589,6.4635,5.228
9,-217.07,574.49,263.43,-18.327,21.873,-6.8863,-6.5064,-1.6439,4.0227,6.4635,5.228,-33.156
9,574.49,263.43,-538,21.873,-6.8863,-0.34025,-1.6439,4.0227,4.4268,5.228,-33.156,16.21
9,263.43,-538,368.56,-6.8863,-0.34025,5.9585,4.0227,4.4268,-3.027,-33.156,16.21,23.441
9,-538,368.56,-745.13,-0.34025,5.9585,-1.9128,4.4268,-3.027,7.9139,16.21,23.441,0.36628
9,368.56,-745.13,993.77,5.9585,-1.9128,-3.7709,-3.027,7.9139,9.5585,23.441,0.36628,-8.8937
9,432.71,501.52,-76.72,1.5782,25.423,-9.9152,-1.5351,11.842,8.8545,10.199,9.3064,7.7458
9,501.52,-76.72,-1132.3,25.423,-9.9152,-9.3019,11.842,8.8545,-1.8748,9.3064,7.7458,-1.253
9,-76.72,-1132.3,1217.8,-9.9152,-9.3019,-33.484,8.8545,-1.8748,8.3703,7.7458,-1.253,-9.002
9,-1132.3,1217.8,-320.86,-9.3019,-33.484,-3.325,-1.8748,8.3703,2.8495,-1.253,-9.002,2.8495
9,1217.8,-320.86,-566.06,-33.484,-3.325,17.257,8.3703,2.8495,-7.913,-9.002,2.8495,-7.913
9,-320.86,-566.06,40.508,-3.325,17.257,-31.549,2.8495,-7.913,-14.006,2.8495,-7.913,-14.006
9,-566.06,40.508,-12.418,17.257,-31.549,11.136,-7.913,-14.006,-6.0937,-7.913,-14.006,-6.0937
9,40.508,-12.418,669.54,-31.549,11.136,15.298,-14.006,-6.0937,7.6215,-14.006,-6.0937,7.6215
9,441.43,439.36,-1871.4,-17.034,-11.127,-29.281,-17.093,-11.127,-29.281,-9.6264,-5.7117,8.4971
9,439.36,-1871.4,81.703,-11.127,-29.281,8.5304,-11.127,-29.281,8.5304,-5.7117,8.4971,-6.0793
9,-1871.4,81.703,898.17,-29.281,8.5304,-13.931,-29.281,8.5304,-13.931,8.4971,-6.0793,0.61812
9,81.703,898.17,-12.443,8.5304,-13.931,20.72,8.5304,-13.931,20.72,-6.0793,0.61812,-5.9329
9,898.17,-12.443,495.4,-13.931,20.72,-16.128,-13.931,20.72,-16.128,0.61812,-5.9329,11.328
9,-12.443,495.4,-841.38,20.72,-16.128,12.521,20.72,-16.128,12.521,-5.9329,11.328,-4.3649
9,495.4,-841.38,-637.47,-16.128,12.521,-11.826,-16.128,12.521,-11.826,11.328,-4.3649,1.5771
9,-841.38,-637.47,405.12,12.521,-11.826,11.649,12.521,-11.826,11.649,-4.3649,1.5771,-5.0322
9,867.1,-658.32,698.42,-10.197,-9.6192,-20.865,6.3947,3.1724,11.408,-15.629,-9.6192,-20.865
9,-658.32,698.42,-817.64,-9.6192,-20.865,-3.3027,3.1724,11.408,6.4116,-9.6192,-20.865,-3.3027
9,698.42,-817.64,-454.49,-20.865,-3.3027,2.8704,11.408,6.4116,-4.2159,-20.865,-3.3027,2.8704
9,-817.64,-454.49,157.66,-3.3027,2.8704,-9.2076,6.4116,-4.2159,-14.363,-3.3027,2.8704,-9.2076
9,-454.49,157.66,655.28,2.8704,-9.2076,-4.6886,-4.2159,-14.363,-6.9877,2.8704,-9.2076,-4.6886
9,157.66,655.28,245.37,-9.2076,-4.6886,11.211,-14.363,-6.9877,3.4285,-9.2076,-4.6886,11.211
9,655.28,245.37,-821.43,-4.6886,11.211,-10.072,-6.9877,3.4285,-4.6867,-4.6886,11.211,-10.072
9,245.37,-821.43,-97.606,11.211,-10.072,10.754,3.4285,-4.6867,4.8129,11.211,-10.072,10.754
9,126.83,-317.15,-582.33,2.7356,21.349,3.6827,1.7774,-3.0617,-1.7533,-2.1639,5.4886,4.8647
9,-317.15,-582.33,45.548,21.349,3.6827,-12.861,-3.0617,-1.7533,9.3563,5.4886,4.8647,8.2695
9,-582.33,45.548,1015.2,3.6827,-12.861,-22.671,-1.7533,9.3563,-0.91439,4.8647,8.2695,-4.2635
9,45.548,1015.2,-187,-12.861,-22.671,-10.972,9.3563,-0.91439,13.465,8.2695,-4.2635,-2.6967
9,1015.2,-187,-47.222,-22.671,-10.972,6.7665,-0.91439,13.465,0.78939,-4.2635,-2.6967,-3.2527
9,-187,-47.222,-840.36,-10.972,6.7665,-2.4355,13.465,0.78939,-6.764,-2.6967,-3.2527,-6.5814
9,-47.222,-840.36,53.972,6.7665,-2.4355,-17.36,0.78939,-6.764,-18.173,-3.2527,-6.5814,-11.031
9,-840.36,53.972,454.53,-2.4355,-17.36,0.23549,-6.764,-18.173,-1.4926,-6.5814,-11.031,1.6328
9,-196.19,921.6,-263.91,0.60683,-4.3083,-7.0577,-9.7421,-1.0541,5.0798,23.761,-18.65,2.296
9,921.6,-263.91,-217.43,-4.3083,-7.0577,-17.896,-1.0541,5.0798,-6.3861,-18.65,2.296,6.2308
9,-263.91,-217.43,574.58,-7.0577,-17.896,21.565,5.0798,-6.3861,-1.196,2.296,6.2308,5.2391
9,-217.43,574.58,263.51,-17.896,21.565,-6.7632,-6.3861,-1.196,3.8313,6.2308,5.2391,-32.836
9,574.58,263.51,-537.79,21.565,-6.7632,-0.49082,-1.196,3.8313,4.2132,5.2391,-32.836,15.923
9,263.51,-537.79,368.53,-6.7632,-0.49082,6.1332,3.8313,4.2132,-2.8592,-32.836,15.923,23.474
9,-537.79,368.53,-745.17,-0.49082,6.1332,-2.0097,4.2132,-2.8592,8.0186,15.923,23.474,0.53322
9,368.53,-745.17,993.29,6.1332,-2.0097,-4.0964,-2.8592,8.0186,9.3127,23.474,0.53322,-9.2354
10,120.6,-50.172,3.6967,-0.27337,-0.26539,0.2862,-0.40811,0.57433,2.372,12.6,-0.25529,-0.089961
10,-50.172,3.6967,11.819,-0.26539,0.2862,-0.53826,0.57433,2.372,9.3908,-0.25529,-0.089961,0.34503
10,3.6967,11.819,78.392,0.2862,-0.53826,9.2542,2.372,9.3908,8.9047,-0.089961,0.34503,-0.29799
10,11.819,78.392,-156.71,-0.53826,9.2542,14.63,9.3908,8.9047,9.6337,0.34503,-0.29799,0.090929
10,78.392,-156.71,-15.689,9.2542,14.63,15.169,8.9047,9.6337,-6.2318,-0.29799,0.090929,3.7334
10,-156.71,-15.689,-14.339,14.63,15.169,9.3258,9.6337,-6.2318,-14.796,0.090929,3.7334,6.5742
10,-15.689,-14.339,47.139,15.169,9.3258,-14.039,-6.2318,-14.796,-14.039,3.7334,6.5742,6.5089
10,-14.339,47.139,-42.815,9.3258,-14.039,-14.715,-14.796,-14.039,-14.715,6.5742,6.5089,4.3312
10,126.75,-13.734,-12.011,0.65306,0.48313,-0.11337,0.81048,4.2811,9.2714,-0.0075808,-0.45541,-0.018347
10,-13.734,-12.011,43.262,0.48313,-0.11337,12.68,4.2811,9.2714,8.8327,-0.45541,-0.018347,-0.69042
10,-12.011,43.262,70.143,-0.11337,12.68,14.583,9.2714,8.8327,9.578,-0.018347,-0.69042,-0.9778
10,43.262,70.143,-114.35,12.68,14.583,14.212,8.8327,9.578,-29.617,-0.69042,-0.9778,1.9228
10,70.143,-114.35,-18.479,14.583,14.212,-0.73937,9.578,-29.617,-0.73937,-0.9778,1.9228,7.2985
10,-114.35,-18.479,-18.396,14.212,-0.73937,-16.633,-29.617,-0.73937,-16.633,1.9228,7.2985,8.2953
10,-18.479,-18.396,6.3034,-0.73937,-16.633,-15.18,-0.73937,-16.633,-15.18,7.2985,8.2953,7.8436
10,-18.396,6.3034,-33.482,-16.633,-15.18,-11.68,-16.633,-15.18,-11.68,8.2953,7.8436,-6.5498
10,-14.479,80.023,-42.788,1.4166,-1.0963,-1.223,-0.0087905,0.30073,0.012984,-0.28351,-0.0087905,0.30073
10,80.023,-42.788,50.569,-1.0963,-1.223,1.4345,0.30073,0.012984,0.30081,-0.0087905,0.30073,0.012984
10,-42.788,50.569,-28.391,-1.223,1.4345,0.35341,0.012984,0.30081,0.81524,0.30073,0.012984,0.30081
10,50.569,-28.391,95.836,1.4345,0.35341,1.3441,0.30081,0.81524,5.2397,0.012984,0.30081,0.81524
10,-28.391,95.836,-66.906,0.35341,1.3441,-0.36922,0.81524,5.2397,9.3722,0.30081,0.81524,5.2397
10,95.836,-66.906,-19.895,1.3441,-0.36922,12.572,5.2397,9.3722,8.1505,0.81524,5.2397,9.3722
10,-66.906,-19.895,110.68,-0.36922,12.572,13.874,9.3722,8.1505,8.4841,5.2397,9.3722,8.1505
10,-19.895,110.68,22.284,12.572,13.874,15.869,8.1505,8.4841,-28.875,9.3722,8.1505,8.4841
10,66.505,-42.415,10.421,-16.183,-12.759,-2.6,-2.9446,0.87863,0.41656,19.786,-7.5562,-6.754
10,-42.415,10.421,45.98,-12.759,-2.6,-0.29289,0.87863,0.41656,-0.22335,-7.5562,-6.754,-5.4977
10,10.421,45.98,-31.492,-2.6,-0.29289,1.463,0.41656,-0.22335,1.9929,-6.754,-5.4977,0.29839
10,45.98,-31.492,-144.16,-0.29289,1.463,1.2545,-0.22335,1.9929,0.35908,-5.4977,0.29839,-0.2813
10,-31.492,-144.16,16.136,1.463,1.2545,-0.94651,1.9929,0.35908,-0.24343,0.29839,-0.2813,0.45755
10,-144.16,16.136,14.041,1.2545,-0.94651,0.95008,0.35908,-0.24343,0.67001,-0.2813,0.45755,-0.17416
10,16.136,14.041,14.357,-0.94651,0.95008,0.6133,-0.24343,0.67001,1.0849,0.45755,-0.17416,0.68263
10,14.041,14.357,-27.285,0.95008,0.6133,-0.52685,0.67001,1.0849,8.9501,-0.17416,0.68263,-0.20488
10,76.095,-80.255,15.093,-0.36622,0.95048,-1.1714,-0.67407,4.0086,10.005,0.26488,-0.28303,0.10625
10,-80.255,15.093,61.064,0.95048,-1.1714,14.234,4.0086,10.005,10.211,-0.28303,0.10625,-0.16438
10,15.093,61.064,11.041,-1.1714,14.234,14.329,10.005,10.211,7.1822,0.10625,-0.16438,-0.25759
10,61.064,11.041,-155.27,14.234,14.329,15.154,10.211,7.1822,-9.2682,-0.16438,-0.25759,1.4676
10,11.041,-155.27,59.536,14.329,15.154,0.74062,7.1822,-9.2682,-9.9887,-0.25759,1.4676,6.8593
10,-155.27,59.536,47.651,15.154,0.74062,-15.137,-9.2682,-9.9887,-8.7711,1.4676,6.8593,7.2853
10,59.536,47.651,-77.836,0.74062,-15.137,-14.337,-9.9887,-8.7711,-2.9117,6.8593,7.2853,7.8891
10,47.651,-77.836,-36.22,-15.137,-14.337,-13.659,-8.7711,-2.9117,0.24406,7.2853,7.8891,-3.7362
10,126.37,-13.819,-12.01,0.46721,0.042884,0.40438,0.69161,4.3509,9.126,-0.36073,-0.23892,0.074719
10,-13.819,-12.01,43.303,0.042884,0.40438,12.602,4.3509,9.126,9.1378,-0.23892,0.074719,-0.81157
10,-12.01,43.303,70.586,0.40438,12.602,14.485,9.126,9.1378,9.4223,0.074719,-0.81157,-0.79145
10,43.303,70.586,-114.62,12.602,14.485,14.576,9.1378,9.4223,-29.243,-0.81157,-0.79145,1.7897
10,70.586,-114.62,-18.519,14.485,14.576,-0.79742,9.4223,-29.243,-0.79742,-0.79145,1.7897,7.5397
10,-114.62,-18.519,-18.426,14.576,-0.79742,-16.668,-29.243,-0.79742,-16.668,1.7897,7.5397,7.9544
10,-18.519,-18.426,6.2772,-0.79742,-16.668,-15.236,-0.79742,-16.668,-15.236,7.5397,7.9544,8.2368
10,-18.426,6.2772,-33.276,-16.668,-15.236,-11.799,-16.668,-15.236,-11.799,7.9544,8.2368,-7.086
10,120.84,-50.328,3.5365,-0.21341,-0.13256,0.21053,-0.57991,0.37045,2.6825,12.879,-0.11416,-0.1945
10,-50.328,3.5365,12.125,-0.13256,0.21053,-0.46529,0.37045,2.6825,9.0938,-0.11416,-0.1945,0.59908
10,3.5365,12.125,78.446,0.21053,-0.46529,9.4277,2.6825,9.0938,9.1343,-0.1945,0.59908,-0.57007
10,12.125,78.446,-157.04,-0.46529,9.4277,14.621,9.0938,9.1343,9.4492,0.59908,-0.57007,-0.036473
10,78.446,-157.04,-15.206,9.4277,14.621,14.882,9.1343,9.4492,-6.2622,-0.57007,-0.036473,3.9122
10,-157.04,-15.206,-14.68,14.621,14.882,9.5133,9.4492,-6.2622,-14.49,-0.036473,3.9122,6.6981
10,-15.206,-14.68,47.069,14.882,9.5133,-14.195,-6.2622,-14.49,-14.195,3.9122,6.6981,6.3871
10,-14.68,47.069,-42.695,9.5133,-14.195,-14.576,-14.49,-14.195,-14.576,6.6981,6.3871,4.3586
10,-14.453,80.283,-42.847,1.1624,-0.6182,-1.1712,0.29886,0.046412,-0.028287,-0.3569,0.29886,0.046412
10,80.283,-42.847,50.61,-0.6182,-1.1712,0.9528,0.046412,-0.028287,0.38392,0.29886,0.046412,-0.028287
10,-42.847,50.61,-28.382,-1.1712,0.9528,0.16863,-0.028287,0.38392,1.1475,0.046412,-0.028287,0.38392
10,50.61,-28.382,95.526,0.9528,0.16863,2.0081,0.38392,1.1475,4.7505,-0.028287,0.38392,1.1475
10,-28.382,95.526,-66.553,0.16863,2.0081,-0.42416,1.1475,4.7505,9.4388,0.38392,1.1475,4.7505
10,95.526,-66.553,-20.117,2.0081,-0.42416,12.336,4.7505,9.4388,8.1809,1.1475,4.7505,9.4388
10,-66.553,-20.117,110.87,-0.42416,12.336,13.993,9.4388,8.1809,8.546,4.7505,9.4388,8.1809
10,-20.117,110.87,22.114,12.336,13.993,15.559,8.1809,8.546,-29.055,9.4388,8.1809,8.546
10,66.466,-42.724,10.703,-16.456,-12.578,-2.6839,-2.8768,0.95546,0.70292,19.596,-7.5706,-6.889
10,-42.724,10.703,45.855,-12.578,-2.6839,-0.39956,0.95546,0.70292,-0.32666,-7.5706,-6.889,-5.61
10,10.703,45.855,-31.256,-2.6839,-0.39956,1.7627,0.70292,-0.32666,1.5515,-6.889,-5.61,0.51305
10,45.855,-31.256,-144.03,-0.39956,1.7627,1.1105,-0.32666,1.5515,0.22051,-5.61,0.51305,-0.07601
10,-31.256,-144.03,15.646,1.7627,1.1105,-0.91703,1.5515,0.22051,0.35493,0.51305,-0.07601,0.3597
10,-144.03,15.646,14.427,1.1105,-0.91703,1.1448,0.22051,0.35493,0.68249,-0.07601,0.3597,-0.51582
10,15.646,14.427,13.734,-0.91703,1.1448,0.33952,0.35493,0.68249,1.0668,0.3597,-0.51582,0.83294
10,14.427,13.734,-26.806,1.1448,0.33952,-0.067985,0.68249,1.0668,8.8458,-0.51582,0.83294,0.02996
10,76.046,-80.232,15.009,-0.62471,0.84498,-0.8977,-0.85939,4.34,9.6438,-0.29912,0.047461,-0.23129
10,-80.232,15.009,60.717,0.84498,-0.8977,13.903,4.34,9.6438,10.166,0.047461,-0.23129,0.021916
10,15.009,60.717,11.475,-0.8977,13.903,14.396,9.6438,10.166,7.3596,-0.23129,0.021916,-0.13488
10,60.717,11.475,-155.29,13.903,14.396,15.123,10.166,7.3596,-9.345,0.021916,-0.13488,0.83665
10,11.475,-155.29,59.582,14.396,15.123,0.74046,7.3596,-9.345,-10.09,-0.13488,0.83665,7.1982
10,-155.29,59.582,47.392,15.123,0.74046,-14.769,-9.345,-10.09,-8.9431,0.83665,7.1982,7.2744
10,59.582,47.392,-77.654,0.74046,-14.769,-14.71,-10.09,-8.9431,-2.5515,7.1982,7.2744,8.2173
10,47.392,-77.654,-36.29,-14.769,-14.71,-13.424,-8.9431,-2.5515,0.30714,7.2744,8.2173,-3.9377
